Nama_Lokasi_Kecamatan,Nama_Lokasi_,Hari,Tanggal,Total_Positif_PMK,Total_Suspek_Hari_Ini,Total_Suspect_PMK,Total_Sembuh_PMK,Total_Sembuh_Hari_Ini,Total_Mati_PMK
Ngawen,Tempursari,Jumat,1 Juli 2022,,,22,,,
Ngawen,Candirejo,Jumat,1 Juli 2022,,,3,,,
Ngawen,Senden,Jumat,1 Juli 2022,,,15,,,
Ngawen,Manjungan,Jumat,1 Juli 2022,,,1,,,
Jatinom,Kayumas,Jumat,1 Juli 2022,,,1,,,
Jatinom,Bengking,Jumat,1 Juli 2022,,13,7,,,
Jatinom,Randulanang,Jumat,1 Juli 2022,,,8,,,
Jatinom,Beteng,Jumat,1 Juli 2022,,,11,,,
Jatinom,Glagah,Jumat,1 Juli 2022,,8,7,,,
Jatinom,Cawan,Jumat,1 Juli 2022,,,4,,,
Jatinom,Tibayan,Jumat,1 Juli 2022,,,24,,,
Jatinom,Bandungan,Jumat,1 Juli 2022,,14,17,,,
Jatinom,Temuireng,Jumat,1 Juli 2022,,,9,,,
Jatinom,Krajan,Jumat,1 Juli 2022,,10,5,,,
Jatinom,Socokangsi,Jumat,1 Juli 2022,,,48,,,
Jatinom,Puluhan,Jumat,1 Juli 2022,,,21,,,
Jatinom,Jemawan,Jumat,1 Juli 2022,,,18,,,
Jatinom,Mranggen,Jumat,1 Juli 2022,,,17,,,
Tulung,Tulung,Jumat,1 Juli 2022,,,20,,,
Tulung,Bono,Jumat,1 Juli 2022,,,71,,,
Tulung,Gedongjetis,Jumat,1 Juli 2022,,,1,,,
Tulung,Sedayu,Jumat,1 Juli 2022,,,28,,,
Tulung,Pucang Miliran,Jumat,1 Juli 2022,,,5,,,
Tulung,Malangan,Jumat,1 Juli 2022,,,5,,,
Tulung,Mundu,Jumat,1 Juli 2022,,,11,,,
Tulung,Kemiri,Jumat,1 Juli 2022,,,18,,,
Kemalang,Tegalmulyo,Jumat,1 Juli 2022,,,3,,,
Kemalang,Dompol,Jumat,1 Juli 2022,,,7,,,
Kemalang,Tangkil,Jumat,1 Juli 2022,,,3,,,
Jogonalan,Tambakan,Jumat,1 Juli 2022,,,2,,,
Jogonalan,Rejoso,Jumat,1 Juli 2022,,,64,,,
Jogonalan,Granting,Jumat,1 Juli 2022,,,23,,,
Jogonalan,Dompyongan,Jumat,1 Juli 2022,,3,2,,,
Jogonalan,Bakung,Jumat,1 Juli 2022,,,4,,,
Jogonalan,Gondangan,Jumat,1 Juli 2022,,,6,,,
Karanganom,Jungkare,Jumat,1 Juli 2022,,,9,,,
Karanganom,Gempol,Jumat,1 Juli 2022,,,1,,,
Karanganom,Jurangjero,Jumat,1 Juli 2022,,,1,,,
Prambanan,Sengon,Jumat,1 Juli 2022,,,16,,,
Prambanan,Randusari,Jumat,1 Juli 2022,,,2,,,
Prambanan,Brajan,Jumat,1 Juli 2022,,3,7,,,
Prambanan,Kebondalem lor,Jumat,1 Juli 2022,,,1,,,
Prambanan,Kokosan,Jumat,1 Juli 2022,,,5,,,
Prambanan,Joho,Jumat,1 Juli 2022,,,3,,,
Prambanan,Kemudo,Jumat,1 Juli 2022,,,11,,,
Gantiwarno,Kragilan,Jumat,1 Juli 2022,,,8,,,
Karangnongko,Jiwan,Jumat,1 Juli 2022,,,6,,,
Karangnongko,Kadilaju,Jumat,1 Juli 2022,,,1,,,
Manisrenggo,Tijayan,Jumat,1 Juli 2022,,,1,,,
Manisrenggo,Solodiran,Jumat,1 Juli 2022,,,2,,,
Manisrenggo,Tanjungsari,Jumat,1 Juli 2022,,,4,,,
Manisrenggo,Taskombang,Jumat,1 Juli 2022,,,2,,,
Manisrenggo,Nangsri,Jumat,1 Juli 2022,,2,11,,,
Manisrenggo,Barukan,Jumat,1 Juli 2022,,,1,,,
Wonosari,Bentangan,Jumat,1 Juli 2022,,,14,,,
Wonosari,Teloyo,Jumat,1 Juli 2022,,,2,,,
Wonosari,Kingkang,Jumat,1 Juli 2022,,,1,,,
Wonosari,Jelobo,Jumat,1 Juli 2022,,,18,,,
Wedi,Sukorejo,Jumat,1 Juli 2022,,,3,,,
Wedi,Melikan,Jumat,1 Juli 2022,,,6,,,
Wedi,Kadilanggon,Jumat,1 Juli 2022,,,3,,,
Wedi,Kaligayam,Jumat,1 Juli 2022,,,17,,,
Pedan,Temuireng,Jumat,1 Juli 2022,,,2,,,
Pedan,Ngaren,Jumat,1 Juli 2022,,,1,,,
Pedan,Beji,Jumat,1 Juli 2022,,,3,,,
Trucuk,Kalikebo,Jumat,1 Juli 2022,,,4,,,
Trucuk,Karangpakel,Jumat,1 Juli 2022,,,2,,,
Trucuk,Sumber,Jumat,1 Juli 2022,,,4,,,
Trucuk,Wanglu,Jumat,1 Juli 2022,,,9,,,
Trucuk,Bero,Jumat,1 Juli 2022,,,4,,,
Trucuk,Mandong,Jumat,1 Juli 2022,,,3,,,
Cawas,Karangasem,Jumat,1 Juli 2022,,,1,,,
Kalikotes,Kalikotes,Jumat,1 Juli 2022,,,2,,,
Kalikotes,Krajan,Jumat,1 Juli 2022,,,16,,,
Karangdowo,Sentono,Jumat,1 Juli 2022,,,1,,,
Ceper,Kujon,Jumat,1 Juli 2022,,,5,,,
Bayat,Wiro,Jumat,1 Juli 2022,,,57,,,
Ngawen,Tempursari,Sabtu,2 Juli 2022,,,22,,,
Ngawen,Candirejo,Sabtu,2 Juli 2022,,,3,,,
Ngawen,Senden,Sabtu,2 Juli 2022,,,15,,,
Ngawen,Manjungan,Sabtu,2 Juli 2022,,,1,,,
Jatinom,Kayumas,Sabtu,2 Juli 2022,,,1,,,
Jatinom,Bengking,Sabtu,2 Juli 2022,,7,20,,,
Jatinom,Randulanang,Sabtu,2 Juli 2022,,,8,,,
Jatinom,Beteng,Sabtu,2 Juli 2022,,,11,,,
Jatinom,Glagah,Sabtu,2 Juli 2022,,,15,,,
Jatinom,Cawan,Sabtu,2 Juli 2022,,,4,,,
Jatinom,Tibayan,Sabtu,2 Juli 2022,,,19,,,
Jatinom,Bandungan,Sabtu,2 Juli 2022,,9,31,,,
Jatinom,Temuireng,Sabtu,2 Juli 2022,,,9,,,
Jatinom,Krajan,Sabtu,2 Juli 2022,,,5,,,
Jatinom,Socokangsi,Sabtu,2 Juli 2022,,,58,,,
Jatinom,Puluhan,Sabtu,2 Juli 2022,,,1,,,
Jatinom,Jemawan,Sabtu,2 Juli 2022,,,15,,,
Jatinom,Mranggen,Sabtu,2 Juli 2022,,,14,,,
Tulung,Tulung,Sabtu,2 Juli 2022,,,20,,,
Tulung,Bono,Sabtu,2 Juli 2022,,,71,,,
Tulung,Gedongjetis,Sabtu,2 Juli 2022,,,1,,,
Tulung,Sedayu,Sabtu,2 Juli 2022,,,28,,,
Tulung,Pucang Miliran,Sabtu,2 Juli 2022,,,5,,,
Tulung,Malangan,Sabtu,2 Juli 2022,,,5,,,
Tulung,Mundu,Sabtu,2 Juli 2022,,,11,,,
Tulung,Kemiri,Sabtu,2 Juli 2022,,,18,,,
Kemalang,Tegalmulyo,Sabtu,2 Juli 2022,,,3,,,
Kemalang,Dompol,Sabtu,2 Juli 2022,,,7,,,
Kemalang,Tangkil,Sabtu,2 Juli 2022,,,3,,,
Jogonalan,Tambakan,Sabtu,2 Juli 2022,,,2,,,
Jogonalan,Rejoso,Sabtu,2 Juli 2022,,,64,,,
Jogonalan,Granting,Sabtu,2 Juli 2022,,,23,,,
Jogonalan,Dompyongan,Sabtu,2 Juli 2022,,7,5,,,
Jogonalan,Bakung,Sabtu,2 Juli 2022,,,4,,,
Jogonalan,Gondangan,Sabtu,2 Juli 2022,,,6,,,
Karanganom,Jungkare,Sabtu,2 Juli 2022,,,9,,,
Karanganom,Gempol,Sabtu,2 Juli 2022,,,1,,,
Karanganom,Jurangjero,Sabtu,2 Juli 2022,,,1,,,
Prambanan,Sengon,Sabtu,2 Juli 2022,,,16,,,
Prambanan,Randusari,Sabtu,2 Juli 2022,,1,2,,,
Prambanan,Brajan,Sabtu,2 Juli 2022,,2,10,,,
Prambanan,Kebondalem lor,Sabtu,2 Juli 2022,,2,1,,,
Prambanan,Kokosan,Sabtu,2 Juli 2022,,,5,,,
Prambanan,Joho,Sabtu,2 Juli 2022,,3,3,,,
Prambanan,Kemudo,Sabtu,2 Juli 2022,,3,11,,,
Gantiwarno,Kragilan,Sabtu,2 Juli 2022,,,8,,,
Karangnongko,Jiwan,Sabtu,2 Juli 2022,,,6,,3,
Karangnongko,Kadilaju,Sabtu,2 Juli 2022,,,1,,1,
Manisrenggo,Tijayan,Sabtu,2 Juli 2022,,,1,,,
Manisrenggo,Solodiran,Sabtu,2 Juli 2022,,2,2,,,
Manisrenggo,Tanjungsari,Sabtu,2 Juli 2022,,,4,,,
Manisrenggo,Taskombang,Sabtu,2 Juli 2022,,,2,,,
Manisrenggo,Nangsri,Sabtu,2 Juli 2022,,,13,,,
Manisrenggo,Barukan,Sabtu,2 Juli 2022,,,1,,,
Wonosari,Bentangan,Sabtu,2 Juli 2022,,,14,,,
Wonosari,Teloyo,Sabtu,2 Juli 2022,,,2,,,
Wonosari,Kingkang,Sabtu,2 Juli 2022,,,1,,,
Wonosari,Jelobo,Sabtu,2 Juli 2022,,,18,,,
Wedi,Sukorejo,Sabtu,2 Juli 2022,,,3,,,
Wedi,Melikan,Sabtu,2 Juli 2022,,,6,,,
Wedi,Kadilanggon,Sabtu,2 Juli 2022,,,3,,,
Wedi,Kaligayam,Sabtu,2 Juli 2022,,,17,,,
Pedan,Temuireng,Sabtu,2 Juli 2022,,,2,,2,
Pedan,Ngaren,Sabtu,2 Juli 2022,,,1,,,
Pedan,Beji,Sabtu,2 Juli 2022,,,3,,2,
Trucuk,Kalikebo,Sabtu,2 Juli 2022,,,4,,,
Trucuk,Karangpakel,Sabtu,2 Juli 2022,,,2,,,
Trucuk,Sumber,Sabtu,2 Juli 2022,,,4,,,
Trucuk,Wanglu,Sabtu,2 Juli 2022,,,9,,,
Trucuk,Bero,Sabtu,2 Juli 2022,,,4,,,
Trucuk,Mandong,Sabtu,2 Juli 2022,,,3,,1,
Cawas,Karangasem,Sabtu,2 Juli 2022,,,1,,,
Kalikotes,Kalikotes,Sabtu,2 Juli 2022,,,2,,,
Kalikotes,Krajan,Sabtu,2 Juli 2022,,,16,,,
Karangdowo,Sentono,Sabtu,2 Juli 2022,,,1,,,
Ceper,Kujon,Sabtu,2 Juli 2022,,,5,,,
Bayat,Wiro,Sabtu,2 Juli 2022,,,57,,,
Ngawen, Tempursari,Minggu,3 Juli 2022,,,22,,,
Ngawen, Candirejo,Minggu,3 Juli 2022,,,3,,,
Ngawen, Senden,Minggu,3 Juli 2022,,,15,,,
Ngawen, Manjungan,Minggu,3 Juli 2022,,,1,,,
Jatinom, Kayumas,Minggu,3 Juli 2022,,,1,,,
Jatinom, Bengking,Minggu,3 Juli 2022,,,27,,,
Jatinom, Randulanang,Minggu,3 Juli 2022,,,8,,,
Jatinom, Beteng,Minggu,3 Juli 2022,,,11,,,
Jatinom, Glagah,Minggu,3 Juli 2022,,12,15,,,
Jatinom, Cawan,Minggu,3 Juli 2022,,,4,,,
Jatinom, Tibayan,Minggu,3 Juli 2022,,,19,,,
Jatinom, Bandungan,Minggu,3 Juli 2022,,,40,,,
Jatinom, Temuireng,Minggu,3 Juli 2022,,,9,,,
Jatinom, Krajan,Minggu,3 Juli 2022,,,5,,,
Jatinom, Socokangsi,Minggu,3 Juli 2022,,,58,,,
Jatinom, Puluhan,Minggu,3 Juli 2022,,,1,,,
Jatinom, Jemawan,Minggu,3 Juli 2022,,,15,,,
Jatinom, Mranggen,Minggu,3 Juli 2022,,,14,,,
Tulung, Tulung,Minggu,3 Juli 2022,,10,20,,,
Tulung, Bono,Minggu,3 Juli 2022,,,71,,,
Tulung, Gedongjetis,Minggu,3 Juli 2022,,4,1,,,
Tulung, Sedayu,Minggu,3 Juli 2022,,,28,,,
Tulung, Pucang Miliran,Minggu,3 Juli 2022,,,5,,,
Tulung, Malangan,Minggu,3 Juli 2022,,,5,,,
Tulung, Mundu,Minggu,3 Juli 2022,,,11,,,
Tulung, Kemiri,Minggu,3 Juli 2022,,,18,,,
Kemalang, Tegalmulyo,Minggu,3 Juli 2022,,,3,,,
Kemalang, Dompol,Minggu,3 Juli 2022,,,7,,,
Kemalang, Tangkil,Minggu,3 Juli 2022,,,3,,,
Jogonalan, Tambakan,Minggu,3 Juli 2022,,,2,,,
Jogonalan, Rejoso,Minggu,3 Juli 2022,,,64,,,
Jogonalan, Granting,Minggu,3 Juli 2022,,,23,,,
Jogonalan, Dompyongan,Minggu,3 Juli 2022,,1,12,,,
Jogonalan, Bakung,Minggu,3 Juli 2022,,,4,,,
Jogonalan, Gondangan,Minggu,3 Juli 2022,,,6,,,
Karanganom, Jungkare,Minggu,3 Juli 2022,,,9,,,
Karanganom, Gempol,Minggu,3 Juli 2022,,,1,,,
Karanganom, Jurangjero,Minggu,3 Juli 2022,,,1,,,
Prambanan, Sengon,Minggu,3 Juli 2022,,,16,,1,
Prambanan, Randusari,Minggu,3 Juli 2022,,,3,,,
Prambanan, Brajan,Minggu,3 Juli 2022,,,12,,,
Prambanan, Kebondalem lor,Minggu,3 Juli 2022,,,3,,,
Prambanan, Kokosan,Minggu,3 Juli 2022,,,5,,,
Prambanan, Joho,Minggu,3 Juli 2022,,3,6,,,
Prambanan, Kemudo,Minggu,3 Juli 2022,,,14,,1,
Gantiwarno, Kragilan,Minggu,3 Juli 2022,,,8,,,
Karangnongko, Jiwan,Minggu,3 Juli 2022,,,3,,,
Manisrenggo, Tijayan,Minggu,3 Juli 2022,,,1,,,
Manisrenggo, Solodiran,Minggu,3 Juli 2022,,,4,,,
Manisrenggo, Tanjungsari,Minggu,3 Juli 2022,,,4,,,
Manisrenggo, Taskombang,Minggu,3 Juli 2022,,,2,,,
Manisrenggo, Nangsri,Minggu,3 Juli 2022,,,13,,,
Manisrenggo, Barukan,Minggu,3 Juli 2022,,1,1,,,
Wonosari, Bentangan,Minggu,3 Juli 2022,,,14,,,
Wonosari, Teloyo,Minggu,3 Juli 2022,,,2,,,
Wonosari, Kingkang,Minggu,3 Juli 2022,,,1,,,
Wonosari, Jelobo,Minggu,3 Juli 2022,,,18,,,
Wedi, Sukorejo,Minggu,3 Juli 2022,,,3,,,
Wedi, Melikan,Minggu,3 Juli 2022,,,6,,,
Wedi, Kadilanggon,Minggu,3 Juli 2022,,,3,,,
Wedi, Kaligayam,Minggu,3 Juli 2022,,,17,,,
Pedan, Ngaren,Minggu,3 Juli 2022,,,1,,,
Pedan, Beji,Minggu,3 Juli 2022,,,1,,,
Trucuk, Kalikebo,Minggu,3 Juli 2022,,,4,,,
Trucuk, Karangpakel,Minggu,3 Juli 2022,,,2,,,
Trucuk, Sumber,Minggu,3 Juli 2022,,,4,,,
Trucuk, Wanglu,Minggu,3 Juli 2022,,,9,,,
Trucuk, Bero,Minggu,3 Juli 2022,,,4,,,
Trucuk, Mandong,Minggu,3 Juli 2022,,,2,,,
Cawas, Karangasem,Minggu,3 Juli 2022,,,1,,,
Kalikotes, Kalikotes,Minggu,3 Juli 2022,,,2,,,
Kalikotes, Krajan,Minggu,3 Juli 2022,,,16,,,
Karangdowo, Sentono,Minggu,3 Juli 2022,,,1,,,
Ceper, Kujon,Minggu,3 Juli 2022,,,5,,,
Bayat, Wiro,Minggu,3 Juli 2022,,,57,,,
Ngawen, Tempursari,Senin,4 Juli 2022,,,22,,,
Ngawen, Candirejo,Senin,4 Juli 2022,,,3,,,
Ngawen, Senden,Senin,4 Juli 2022,,,15,,,
Ngawen, Manjungan,Senin,4 Juli 2022,,,1,,,
Jatinom, Kayumas ,Senin,4 Juli 2022,,,1,,,
Jatinom, Bengking ,Senin,4 Juli 2022,,8,27,,,
Jatinom, Randulanang ,Senin,4 Juli 2022,,,8,,2,
Jatinom, Beteng ,Senin,4 Juli 2022,,,11,,,
Jatinom, Glagah,Senin,4 Juli 2022,,,27,,2,
Jatinom, Cawan,Senin,4 Juli 2022,,,4,,,
Jatinom, Tibayan,Senin,4 Juli 2022,,,19,,,
Jatinom, Bandungan,Senin,4 Juli 2022,,6,40,,,
Jatinom, Temuireng,Senin,4 Juli 2022,,,9,,,
Jatinom, Krajan,Senin,4 Juli 2022,,,5,,,
Jatinom, Socokangsi,Senin,4 Juli 2022,,4,58,,,
Jatinom, Puluhan,Senin,4 Juli 2022,,,1,,,
Jatinom, Jemawan,Senin,4 Juli 2022,,,15,,,
Jatinom, Mranggen,Senin,4 Juli 2022,,,14,,8,
Tulung, Tulung ,Senin,4 Juli 2022,,,30,,,
Tulung, Bono,Senin,4 Juli 2022,,,71,,,
Tulung, Gedongjetis ,Senin,4 Juli 2022,,,5,,,
Tulung, Sedayu,Senin,4 Juli 2022,,,28,,,
Tulung, Pucang Miliran,Senin,4 Juli 2022,,,5,,,
Tulung, Malangan,Senin,4 Juli 2022,,,5,,,
Tulung, Mundu,Senin,4 Juli 2022,,,11,,,
Tulung, Kemiri,Senin,4 Juli 2022,,,18,,,
Kemalang, Tegalmulyo,Senin,4 Juli 2022,,,3,,,
Kemalang, Dompol,Senin,4 Juli 2022,,,7,,,
Kemalang, Tangkil,Senin,4 Juli 2022,,,3,,,
Jogonalan, Tambakan,Senin,4 Juli 2022,,,2,,,
Jogonalan, Rejoso,Senin,4 Juli 2022,,,64,,40,
Jogonalan, Granting,Senin,4 Juli 2022,,,23,,4,
Jogonalan, Dompyongan,Senin,4 Juli 2022,,4,13,,,
Jogonalan, Bakung,Senin,4 Juli 2022,,,4,,4,
Jogonalan, Gondangan,Senin,4 Juli 2022,,,6,,6,
Karanganom, Jungkare,Senin,4 Juli 2022,,,9,,4,
Karanganom, Gempol,Senin,4 Juli 2022,,,1,,1,
Karanganom, Jurangjero,Senin,4 Juli 2022,,,1,,,
Prambanan, Sengon,Senin,4 Juli 2022,,,15,,,
Prambanan, Randusari,Senin,4 Juli 2022,,,3,,2,
Prambanan, Brajan,Senin,4 Juli 2022,,,12,,,
Prambanan, Kebondalem lor,Senin,4 Juli 2022,,,3,,,
Prambanan, Kokosan,Senin,4 Juli 2022,,,5,,,
Prambanan, Joho,Senin,4 Juli 2022,,,9,,1,
Prambanan, Kemudo,Senin,4 Juli 2022,,,13,,,
Prambanan, Karangturi,Senin,4 Juli 2022,,6,8,,,
Gantiwarno, Kragilan,Senin,4 Juli 2022,,6,,,,
Karangnongko, Jiwan,Senin,4 Juli 2022,,,3,,,
Manisrenggo, Tijayan,Senin,4 Juli 2022,,,1,,,
Manisrenggo, Solodiran,Senin,4 Juli 2022,,,4,,,
Manisrenggo, Tanjungsari,Senin,4 Juli 2022,,,4,,,
Manisrenggo, Taskombang,Senin,4 Juli 2022,,,2,,,
Manisrenggo, Nangsri,Senin,4 Juli 2022,,,13,,6,
Manisrenggo, Barukan,Senin,4 Juli 2022,,,2,,,
Wonosari, Bentangan,Senin,4 Juli 2022,,,14,,15,
Wonosari, Teloyo,Senin,4 Juli 2022,,,2,,2,
Wonosari, Kingkang,Senin,4 Juli 2022,,,1,,1,
Wonosari, Jelobo,Senin,4 Juli 2022,,,18,,,
Wedi, Sukorejo,Senin,4 Juli 2022,,,3,,3,
Wedi, Melikan,Senin,4 Juli 2022,,,6,,,
Wedi, Jiwowetan,Senin,4 Juli 2022,,4,,,,
Wedi, Kadilanggon,Senin,4 Juli 2022,,1,3,,,
Wedi, Kaligayam,Senin,4 Juli 2022,,9,17,,8,
Pedan, Ngaren,Senin,4 Juli 2022,,,1,,,
Pedan, Beji,Senin,4 Juli 2022,,,1,,,
Trucuk, Kalikebo,Senin,4 Juli 2022,,3,4,,,
Trucuk, Karangpakel,Senin,4 Juli 2022,,,2,,,
Trucuk, Sumber,Senin,4 Juli 2022,,,4,,,
Trucuk, Wanglu,Senin,4 Juli 2022,,,9,,,
Trucuk, Bero,Senin,4 Juli 2022,,,4,,,
Trucuk, Mandong,Senin,4 Juli 2022,,3,2,,,
Cawas, Karangasem,Senin,4 Juli 2022,,,1,,,
Kalikotes, Kalikotes,Senin,4 Juli 2022,,,2,,,
Kalikotes, Krajan,Senin,4 Juli 2022,,,16,,,
Karangdowo, Sentono,Senin,4 Juli 2022,,,1,,,
Ceper, Kujon,Senin,4 Juli 2022,,,5,,,
Bayat, Wiro,Senin,4 Juli 2022,,,57,,,
Klaten Tengah, Buntalan,Senin,4 Juli 2022,,7,,,,
Ngawen, Tempursari,Selasa,5 Juli 2022,,,22,,,
Ngawen, Candirejo,Selasa,5 Juli 2022,,,3,,,
Ngawen, Senden,Selasa,5 Juli 2022,,,15,,,
Ngawen, Manjungan,Selasa,5 Juli 2022,,,1,,,
Jatinom, Kayumas ,Selasa,5 Juli 2022,,,1,,,
Jatinom, Bengking ,Selasa,5 Juli 2022,,,35,,,
Jatinom, Randulanang ,Selasa,5 Juli 2022,,,6,,,
Jatinom, Beteng ,Selasa,5 Juli 2022,,,11,,,
Jatinom, Glagah,Selasa,5 Juli 2022,,,25,,,
Jatinom, Cawan,Selasa,5 Juli 2022,,,4,,,
Jatinom, Tibayan,Selasa,5 Juli 2022,,,19,,,
Jatinom, Bandungan,Selasa,5 Juli 2022,,,46,,,
Jatinom, Temuireng,Selasa,5 Juli 2022,,,9,,,
Jatinom, Pandeyan,Selasa,5 Juli 2022,,2,,,,
Jatinom, Krajan,Selasa,5 Juli 2022,,,5,,,
Jatinom, Socokangsi,Selasa,5 Juli 2022,,7,62,,,
Jatinom, Puluhan,Selasa,5 Juli 2022,,2,1,,,
Jatinom, Jemawan,Selasa,5 Juli 2022,,,15,,,
Jatinom, Mranggen,Selasa,5 Juli 2022,,,6,,,
Tulung, Tulung ,Selasa,5 Juli 2022,,,30,,,
Tulung, Bono,Selasa,5 Juli 2022,,,71,,,
Tulung, Gedongjetis ,Selasa,5 Juli 2022,,,5,,,
Tulung, Sedayu,Selasa,5 Juli 2022,,,28,,,
Tulung, Pucang Miliran,Selasa,5 Juli 2022,,,5,,,
Tulung, Malangan,Selasa,5 Juli 2022,,,5,,,
Tulung, Mundu,Selasa,5 Juli 2022,,,11,,,
Tulung, Kemiri,Selasa,5 Juli 2022,,,18,,,
Tulung, Tegalmulyo,Selasa,5 Juli 2022,,,3,,,
Tulung, Dompol,Selasa,5 Juli 2022,,,7,,,
Tulung, Tangkil,Selasa,5 Juli 2022,,,3,,,
Jogonalan, Tambakan,Selasa,5 Juli 2022,,,2,,,
Jogonalan, Rejoso,Selasa,5 Juli 2022,,,24,,15,
Jogonalan, Granting,Selasa,5 Juli 2022,,,19,,6,
Jogonalan, Dompyongan,Selasa,5 Juli 2022,,,17,,,
Karanganom, Jungkare,Selasa,5 Juli 2022,,,5,,,
Karanganom, Jurangjero,Selasa,5 Juli 2022,,,1,,,
Prambanan, Sengon,Selasa,5 Juli 2022,,,15,,1,
Prambanan, Randusari,Selasa,5 Juli 2022,,,1,,,
Prambanan, Brajan,Selasa,5 Juli 2022,,,12,,,
Prambanan, Kebondalem lor,Selasa,5 Juli 2022,,2,3,,,
Prambanan, Kokosan,Selasa,5 Juli 2022,,,5,,,
Prambanan, Joho,Selasa,5 Juli 2022,,,8,,,
Prambanan, Kemudo,Selasa,5 Juli 2022,,2,13,,1,
Gantiwarno, Karangturi,Selasa,5 Juli 2022,,2,6,,,
Gantiwarno, Kragilan,Selasa,5 Juli 2022,,,14,,,
Karangnongko, Jiwan,Selasa,5 Juli 2022,,,3,,,
Manisrenggo, Tijayan,Selasa,5 Juli 2022,,,1,,,
Manisrenggo, Solodiran,Selasa,5 Juli 2022,,,4,,,
Manisrenggo, Tanjungsari,Selasa,5 Juli 2022,,,4,,,
Manisrenggo, Taskombang,Selasa,5 Juli 2022,,,2,,,
Manisrenggo, Nangsri,Selasa,5 Juli 2022,,,7,,,
Manisrenggo, Barukan,Selasa,5 Juli 2022,,,2,,,
Wonosari, Jelobo,Selasa,5 Juli 2022,,,17,,,
Wedi, Kalitengah,Selasa,5 Juli 2022,,4,,,,
Wedi, Melikan,Selasa,5 Juli 2022,,2,6,,,
Wedi, Jiwowetan,Selasa,5 Juli 2022,,,4,,,
Wedi, Kadilanggon,Selasa,5 Juli 2022,,1,4,,,
Wedi, Kaligayam,Selasa,5 Juli 2022,,6,18,,7,
Pedan, Ngaren,Selasa,5 Juli 2022,,,1,,,
Pedan, Beji,Selasa,5 Juli 2022,,,1,,,
Trucuk, Kalikebo,Selasa,5 Juli 2022,,,7,,,
Trucuk, Karangpakel,Selasa,5 Juli 2022,,,2,,,
Trucuk, Sumber,Selasa,5 Juli 2022,,,4,,,
Trucuk, Wanglu,Selasa,5 Juli 2022,,,9,,,
Trucuk, Bero,Selasa,5 Juli 2022,,,4,,,
Trucuk, Mandong,Selasa,5 Juli 2022,,,5,,,
Cawas, Karangasem,Selasa,5 Juli 2022,,,1,,,
Kalikotes, Kalikotes,Selasa,5 Juli 2022,,,2,,,
Kalikotes, Krajan,Selasa,5 Juli 2022,,,16,,,
Karangdowo, Sentono,Selasa,5 Juli 2022,,,1,,,
Ceper, Kujon,Selasa,5 Juli 2022,,,5,,,
Bayat, Wiro,Selasa,5 Juli 2022,,,57,,,
Klaten Tengah, Buntalan,Selasa,5 Juli 2022,,,7,,,
Ngawen, Tempursari,Rabu,6 Juli 2022,,,22,,7,
Ngawen, Candirejo,Rabu,6 Juli 2022,,,3,,3,
Ngawen, Senden,Rabu,6 Juli 2022,,,15,,15,
Ngawen, Manjungan,Rabu,6 Juli 2022,,,1,,,
Jatinom, Kayumas ,Rabu,6 Juli 2022,,,1,,,
Jatinom, Bengking ,Rabu,6 Juli 2022,,,35,,,
Jatinom, Randulanang ,Rabu,6 Juli 2022,,,6,,,
Jatinom, Beteng ,Rabu,6 Juli 2022,,,11,,,
Jatinom, Glagah,Rabu,6 Juli 2022,,,25,,,
Jatinom, Cawan,Rabu,6 Juli 2022,,,4,,4,
Jatinom, Tibayan,Rabu,6 Juli 2022,,,19,,,
Jatinom, Bandungan,Rabu,6 Juli 2022,,,46,,,
Jatinom, Temuireng,Rabu,6 Juli 2022,,,9,,8,
Jatinom, Pandeyan,Rabu,6 Juli 2022,,,2,,,
Jatinom, Krajan,Rabu,6 Juli 2022,,,5,,5,
Jatinom, Socokangsi,Rabu,6 Juli 2022,,,69,,7,
Jatinom, Puluhan,Rabu,6 Juli 2022,,,3,,,
Jatinom, Jemawan,Rabu,6 Juli 2022,,,15,,,
Jatinom, Mranggen,Rabu,6 Juli 2022,,,6,,,
Tulung, Tulung ,Rabu,6 Juli 2022,,,30,,2,
Tulung, Bono,Rabu,6 Juli 2022,,,71,,,
Tulung, Gedongjetis ,Rabu,6 Juli 2022,,,5,,,
Tulung, Sedayu,Rabu,6 Juli 2022,,,28,,,
Tulung, Pucang Miliran,Rabu,6 Juli 2022,,,5,,5,
Tulung, Malangan,Rabu,6 Juli 2022,,,5,,,
Tulung, Mundu,Rabu,6 Juli 2022,,,11,,,
Tulung, Kemiri,Rabu,6 Juli 2022,,,18,,,
Kemalang, Tegalmulyo,Rabu,6 Juli 2022,,,3,,,
Kemalang, Dompol,Rabu,6 Juli 2022,,,7,,,
Kemalang, Tangkil,Rabu,6 Juli 2022,,,3,,3,
Jogonalan, Tambakan,Rabu,6 Juli 2022,,,2,,,
Jogonalan, Rejoso,Rabu,6 Juli 2022,,,9,,,
Jogonalan, Granting,Rabu,6 Juli 2022,,,13,,,
Jogonalan, Dompyongan,Rabu,6 Juli 2022,,,17,,,
Karanganom, Jungkare,Rabu,6 Juli 2022,,,5,,,
Karanganom, Jurangjero,Rabu,6 Juli 2022,,,1,,,
Prambanan, Sengon,Rabu,6 Juli 2022,,,14,,1,
Prambanan, Randusari,Rabu,6 Juli 2022,,,1,,,
Prambanan, Brajan,Rabu,6 Juli 2022,,,12,,,
Prambanan, Kebondalem lor,Rabu,6 Juli 2022,,,5,,,
Prambanan, Kokosan,Rabu,6 Juli 2022,,,5,,,
Prambanan, Joho,Rabu,6 Juli 2022,,,8,,,
Prambanan, Kemudo,Rabu,6 Juli 2022,,,14,,,
Gantiwarno, Karangturi,Rabu,6 Juli 2022,,,6,,,
Gantiwarno, Kragilan,Rabu,6 Juli 2022,,,16,,,
Karangnongko, Jiwan,Rabu,6 Juli 2022,,,3,,2,
Manisrenggo, Tijayan,Rabu,6 Juli 2022,,,1,,,
Manisrenggo, Solodiran,Rabu,6 Juli 2022,,,4,,,
Manisrenggo, Tanjungsari,Rabu,6 Juli 2022,,,4,,,
Manisrenggo, Taskombang,Rabu,6 Juli 2022,,,2,,,
Manisrenggo, Nangsri,Rabu,6 Juli 2022,,,7,,,
Manisrenggo, Barukan,Rabu,6 Juli 2022,,,2,,,
Wonosari, Jelobo,Rabu,6 Juli 2022,,,17,,,
Wedi, Kalitengah,Rabu,6 Juli 2022,,,4,,,
Wedi, Melikan,Rabu,6 Juli 2022,,,8,,,
Wedi, Jiwowetan,Rabu,6 Juli 2022,,,4,,,
Wedi, Kadilanggon,Rabu,6 Juli 2022,,,5,,,
Wedi, Kaligayam,Rabu,6 Juli 2022,,,17,,,
Pedan, Ngaren,Rabu,6 Juli 2022,,,1,,,
Pedan, Beji,Rabu,6 Juli 2022,,,1,,,
Trucuk, Kalikebo,Rabu,6 Juli 2022,,,7,,,
Trucuk, Karangpakel,Rabu,6 Juli 2022,,,2,,,
Trucuk, Sumber,Rabu,6 Juli 2022,,,4,,,
Trucuk, Wanglu,Rabu,6 Juli 2022,,,9,,,
Trucuk, Bero,Rabu,6 Juli 2022,,,4,,,
Trucuk, Mandong,Rabu,6 Juli 2022,,,5,,,
Cawas, Karangasem,Rabu,6 Juli 2022,,,1,,,
Kalikotes, Kalikotes,Rabu,6 Juli 2022,,,2,,,
Kalikotes, Krajan,Rabu,6 Juli 2022,,,16,,,
Karangdowo, Sentono,Rabu,6 Juli 2022,,,1,,,
Ceper, Kujon,Rabu,6 Juli 2022,,,5,,,
Bayat, Wiro,Rabu,6 Juli 2022,,,57,,,
Klaten Tengah, Buntalan,Rabu,6 Juli 2022,,,7,,,
Jatinom, Kayumas ,Kamis,7 Juli 2022,,,1,,,
Jatinom, Bengking ,Kamis,7 Juli 2022,,3,35,,,
Jatinom, Randulanang ,Kamis,7 Juli 2022,,,6,,,
Jatinom, Beteng ,Kamis,7 Juli 2022,,4,11,,,
Jatinom, Glagah,Kamis,7 Juli 2022,,4,25,,,
Jatinom, Tibayan,Kamis,7 Juli 2022,,,19,,,
Jatinom, Bandungan,Kamis,7 Juli 2022,,,46,,,
Jatinom, Temuireng,Kamis,7 Juli 2022,,,1,,,
Jatinom, Pandeyan,Kamis,7 Juli 2022,,,2,,,
Jatinom, Socokangsi,Kamis,7 Juli 2022,,10,62,,5,
Jatinom, Puluhan,Kamis,7 Juli 2022,,,3,,,
Jatinom, Jemawan,Kamis,7 Juli 2022,,,15,,,
Jatinom, Mranggen,Kamis,7 Juli 2022,,,6,,,
Tulung, Tulung ,Kamis,7 Juli 2022,,,28,,8,
Tulung, Bono,Kamis,7 Juli 2022,,,71,,,
Tulung, Gedongjetis ,Kamis,7 Juli 2022,,,5,,,
Tulung, Sedayu,Kamis,7 Juli 2022,,,28,,,
Tulung, Malangan,Kamis,7 Juli 2022,,,5,,,
Tulung, Mundu,Kamis,7 Juli 2022,,,11,,,
Tulung, Kemiri,Kamis,7 Juli 2022,,,18,,,
Prambanan, Sengon,Kamis,7 Juli 2022,,,13,,,
Prambanan, Randusari,Kamis,7 Juli 2022,,,1,,,
Prambanan, Brajan,Kamis,7 Juli 2022,,,12,,,
Prambanan, Kebondalem lor,Kamis,7 Juli 2022,,,5,,,
Prambanan, Kokosan,Kamis,7 Juli 2022,,,5,,,
Prambanan, Joho,Kamis,7 Juli 2022,,,8,,,
Prambanan, Kemudo,Kamis,7 Juli 2022,,,14,,3,
Bayat, Wiro,Kamis,7 Juli 2022,,,57,,,
Jogonalan, Tambakan,Kamis,7 Juli 2022,,,2,,,
Jogonalan, Rejoso,Kamis,7 Juli 2022,,,9,,,
Jogonalan, Granting,Kamis,7 Juli 2022,,,13,,,
Jogonalan, Dompyongan,Kamis,7 Juli 2022,,,17,,,
Wedi, Kalitengah,Kamis,7 Juli 2022,,,4,,,
Wedi, Melikan,Kamis,7 Juli 2022,,,8,,,
Wedi, Jiwowetan,Kamis,7 Juli 2022,,,4,,,
Wedi, Kadilanggon,Kamis,7 Juli 2022,,,5,,,
Wedi, Kaligayam,Kamis,7 Juli 2022,,,17,,,
Trucuk, Kalikebo,Kamis,7 Juli 2022,,,7,,,
Trucuk, Karangpakel,Kamis,7 Juli 2022,,,2,,,
Trucuk, Sumber,Kamis,7 Juli 2022,,,4,,,
Trucuk, Wanglu,Kamis,7 Juli 2022,,,9,,,
Trucuk, Bero,Kamis,7 Juli 2022,,,4,,,
Trucuk, Mandong,Kamis,7 Juli 2022,,,5,,,
Gantiwarno, Karangturi,Kamis,7 Juli 2022,,,6,,,
Gantiwarno, Kragilan,Kamis,7 Juli 2022,,,16,,,
Manisrenggo, Tijayan,Kamis,7 Juli 2022,,,1,,,
Manisrenggo, Solodiran,Kamis,7 Juli 2022,,,4,,,
Manisrenggo, Tanjungsari,Kamis,7 Juli 2022,,,4,,,
Manisrenggo, Taskombang,Kamis,7 Juli 2022,,,2,,,
Manisrenggo, Nangsri,Kamis,7 Juli 2022,,,7,,,
Manisrenggo, Barukan,Kamis,7 Juli 2022,,,2,,,
Kalikotes, Kalikotes,Kamis,7 Juli 2022,,,2,,,
Kalikotes, Krajan,Kamis,7 Juli 2022,,,16,,,
Wonosari, Jelobo,Kamis,7 Juli 2022,,,17,,,
Ngawen, Tempursari,Kamis,7 Juli 2022,,,15,,,
Ngawen, Manjungan,Kamis,7 Juli 2022,,,1,,,
Kemalang, Tegalmulyo,Kamis,7 Juli 2022,,,3,,,
Kemalang, Dompol,Kamis,7 Juli 2022,,,7,,,
Klaten Tengah, Buntalan,Kamis,7 Juli 2022,,,7,,,
Karanganom, Jungkare,Kamis,7 Juli 2022,,4,5,,,
Karanganom, Jurangjero,Kamis,7 Juli 2022,,,1,,,
Ceper, Kujon,Kamis,7 Juli 2022,,,5,,,
Pedan, Ngaren,Kamis,7 Juli 2022,,,1,,,
Pedan, Beji,Kamis,7 Juli 2022,,,1,,,
Karangnongko, Jiwan,Kamis,7 Juli 2022,,,1,,,
Cawas, Karangasem,Kamis,7 Juli 2022,,,1,,,
Karangdowo, Sentono,Kamis,7 Juli 2022,,,1,,,
Jatinom, Kayumas ,Jumat,8 Juli 2022,,,1,,,
Jatinom, Bengking ,Jumat,8 Juli 2022,,,38,,,
Jatinom, Randulanang ,Jumat,8 Juli 2022,,,6,,,
Jatinom, Beteng ,Jumat,8 Juli 2022,,,15,,8,
Jatinom, Glagah,Jumat,8 Juli 2022,,,29,,,
Jatinom, Tibayan,Jumat,8 Juli 2022,,,19,,,
Jatinom, Bandungan,Jumat,8 Juli 2022,,,46,,7,
Jatinom, Temuireng,Jumat,8 Juli 2022,,,1,,,
Jatinom, Pandeyan,Jumat,8 Juli 2022,,,2,,,
Jatinom, Socokangsi,Jumat,8 Juli 2022,,,67,,1,
Jatinom, Puluhan,Jumat,8 Juli 2022,,,3,,,
Jatinom, Jemawan,Jumat,8 Juli 2022,,,15,,13,
Jatinom, Mranggen,Jumat,8 Juli 2022,,,6,,,
Tulung, Tulung ,Jumat,8 Juli 2022,,,20,,,
Tulung, Bono,Jumat,8 Juli 2022,,,71,,,
Tulung, Gedongjetis ,Jumat,8 Juli 2022,,,5,,,
Tulung, Sedayu,Jumat,8 Juli 2022,,,28,,,
Tulung, Malangan,Jumat,8 Juli 2022,,,5,,,
Tulung, Mundu,Jumat,8 Juli 2022,,,11,,,
Tulung, Kemiri,Jumat,8 Juli 2022,,,18,,,
Prambanan, Sengon,Jumat,8 Juli 2022,,,13,,,
Prambanan, Randusari,Jumat,8 Juli 2022,,1,1,,,
Prambanan, Brajan,Jumat,8 Juli 2022,,1,12,,,
Prambanan, Kebondalem lor,Jumat,8 Juli 2022,,1,5,,,
Prambanan, Kokosan,Jumat,8 Juli 2022,,,5,,,
Prambanan, Joho,Jumat,8 Juli 2022,,3,8,,,
Prambanan, Kemudo,Jumat,8 Juli 2022,,,11,,,
Bayat, Wiro,Jumat,8 Juli 2022,,,57,,,
Jogonalan, Tambakan,Jumat,8 Juli 2022,,,2,,,
Jogonalan, Rejoso,Jumat,8 Juli 2022,,,9,,,
Jogonalan, Wonoboyo,Jumat,8 Juli 2022,,1,,,,
Jogonalan, Granting,Jumat,8 Juli 2022,,,13,,,
Jogonalan, Dompyongan,Jumat,8 Juli 2022,,1,17,,,
Wedi, Kalitengah,Jumat,8 Juli 2022,,,4,,,
Wedi, Melikan,Jumat,8 Juli 2022,,,8,,,
Wedi, Jiwowetan,Jumat,8 Juli 2022,,,4,,,
Wedi, Kadilanggon,Jumat,8 Juli 2022,,,5,,,
Wedi, Kaligayam,Jumat,8 Juli 2022,,,17,,,
Trucuk, Kalikebo,Jumat,8 Juli 2022,,,7,,,
Trucuk, Karangpakel,Jumat,8 Juli 2022,,,2,,,
Trucuk, Sumber,Jumat,8 Juli 2022,,,4,,,
Trucuk, Wanglu,Jumat,8 Juli 2022,,,9,,,
Trucuk, Bero,Jumat,8 Juli 2022,,,4,,,
Trucuk, Mandong,Jumat,8 Juli 2022,,,5,,,
Gantiwarno, Karangturi,Jumat,8 Juli 2022,,,6,,,
Gantiwarno, Kragilan,Jumat,8 Juli 2022,,,16,,,
Manisrenggo, Tijayan,Jumat,8 Juli 2022,,,1,,,
Manisrenggo, Solodiran,Jumat,8 Juli 2022,,,4,,,
Manisrenggo, Tanjungsari,Jumat,8 Juli 2022,,,4,,,
Manisrenggo, Taskombang,Jumat,8 Juli 2022,,,2,,,
Manisrenggo, Nangsri,Jumat,8 Juli 2022,,3,7,,,
Manisrenggo, Barukan,Jumat,8 Juli 2022,,,2,,,
Kalikotes, Kalikotes,Jumat,8 Juli 2022,,,2,,,
Kalikotes, Krajan,Jumat,8 Juli 2022,,,16,,,
Wonosari, Jelobo,Jumat,8 Juli 2022,,,17,,,
Ngawen, Tempursari,Jumat,8 Juli 2022,,,15,,,
Ngawen, Manjungan,Jumat,8 Juli 2022,,,1,,,
Kemalang, Tegalmulyo,Jumat,8 Juli 2022,,,3,,,
Kemalang, Dompol,Jumat,8 Juli 2022,,,7,,,
Klaten Tengah, Buntalan,Jumat,8 Juli 2022,,,7,,,
Karanganom, Jungkare,Jumat,8 Juli 2022,,,9,,,
Karanganom, Jurangjero,Jumat,8 Juli 2022,,,1,,,
Ceper, Kujon,Jumat,8 Juli 2022,,,5,,,
Pedan, Ngaren,Jumat,8 Juli 2022,,,1,,,
Pedan, Beji,Jumat,8 Juli 2022,,,1,,,
Karangnongko, Jiwan,Jumat,8 Juli 2022,,,1,,,
Cawas, Karangasem,Jumat,8 Juli 2022,,,1,,,
Karangdowo, Sentono,Jumat,8 Juli 2022,,,1,,,
Jatinom, Kayumas ,Sabtu,9 Juli 2022,,,1,,,
Jatinom, Bengking ,Sabtu,9 Juli 2022,,,38,,,
Jatinom, Randulanang ,Sabtu,9 Juli 2022,,,6,,,
Jatinom, Beteng ,Sabtu,9 Juli 2022,,,7,,,
Jatinom, Glagah,Sabtu,9 Juli 2022,,,29,,,
Jatinom, Tibayan,Sabtu,9 Juli 2022,,,19,,,
Jatinom, Bandungan,Sabtu,9 Juli 2022,,,39,,,
Jatinom, Temuireng,Sabtu,9 Juli 2022,,,1,,,
Jatinom, Pandeyan,Sabtu,9 Juli 2022,,,2,,,
Jatinom, Socokangsi,Sabtu,9 Juli 2022,,,66,,,
Jatinom, Puluhan,Sabtu,9 Juli 2022,,,3,,,
Jatinom, Jemawan,Sabtu,9 Juli 2022,,,2,,,
Jatinom, Mranggen,Sabtu,9 Juli 2022,,,6,,,
Tulung, Tulung ,Sabtu,9 Juli 2022,,,20,,,
Tulung, Bono,Sabtu,9 Juli 2022,,,71,,,
Tulung, Gedongjetis ,Sabtu,9 Juli 2022,,,5,,,
Tulung, Sedayu,Sabtu,9 Juli 2022,,,28,,,
Tulung, Malangan,Sabtu,9 Juli 2022,,,5,,,
Tulung, Mundu,Sabtu,9 Juli 2022,,,11,,,
Tulung, Kemiri,Sabtu,9 Juli 2022,,,18,,,
Prambanan, Sengon,Sabtu,9 Juli 2022,,,13,,,
Prambanan, Randusari,Sabtu,9 Juli 2022,,,2,,,
Prambanan, Brajan,Sabtu,9 Juli 2022,,,13,,,
Prambanan, Kebondalem lor,Sabtu,9 Juli 2022,,,6,,,
Prambanan, Kokosan,Sabtu,9 Juli 2022,,,5,,,
Prambanan, Joho,Sabtu,9 Juli 2022,,,11,,,
Prambanan, Kemudo,Sabtu,9 Juli 2022,,,11,,,
Bayat, Wiro,Sabtu,9 Juli 2022,,,57,,,
Jogonalan, Tambakan,Sabtu,9 Juli 2022,,,2,,,
Jogonalan, Rejoso,Sabtu,9 Juli 2022,,,9,,,
Jogonalan, Wonoboyo,Sabtu,9 Juli 2022,,,1,,,
Jogonalan, Granting,Sabtu,9 Juli 2022,,,13,,,
Jogonalan, Dompyongan,Sabtu,9 Juli 2022,,,18,,,
Wedi, Kalitengah,Sabtu,9 Juli 2022,,,4,,,
Wedi, Melikan,Sabtu,9 Juli 2022,,,8,,,
Wedi, Jiwowetan,Sabtu,9 Juli 2022,,,4,,,
Wedi, Kadilanggon,Sabtu,9 Juli 2022,,,5,,,
Wedi, Kaligayam,Sabtu,9 Juli 2022,,,17,,,
Trucuk, Kalikebo,Sabtu,9 Juli 2022,,,7,,,
Trucuk, Karangpakel,Sabtu,9 Juli 2022,,,2,,,
Trucuk, Sumber,Sabtu,9 Juli 2022,,,4,,,
Trucuk, Wanglu,Sabtu,9 Juli 2022,,,9,,,
Trucuk, Bero,Sabtu,9 Juli 2022,,,4,,,
Trucuk, Mandong,Sabtu,9 Juli 2022,,,5,,,
Gantiwarno, Karangturi,Sabtu,9 Juli 2022,,,6,,,
Gantiwarno, Kragilan,Sabtu,9 Juli 2022,,,16,,,
Manisrenggo, Tijayan,Sabtu,9 Juli 2022,,,1,,,
Manisrenggo, Solodiran,Sabtu,9 Juli 2022,,,4,,,
Manisrenggo, Tanjungsari,Sabtu,9 Juli 2022,,,4,,,
Manisrenggo, Taskombang,Sabtu,9 Juli 2022,,,2,,,
Manisrenggo, Nangsri,Sabtu,9 Juli 2022,,,10,,,
Manisrenggo, Barukan,Sabtu,9 Juli 2022,,,2,,,
Kalikotes, Kalikotes,Sabtu,9 Juli 2022,,,2,,,
Kalikotes, Krajan,Sabtu,9 Juli 2022,,,16,,,
Wonosari, Jelobo,Sabtu,9 Juli 2022,,,17,,,
Ngawen, Tempursari,Sabtu,9 Juli 2022,,,15,,,
Ngawen, Manjungan,Sabtu,9 Juli 2022,,,1,,,
Kemalang, Tegalmulyo,Sabtu,9 Juli 2022,,,3,,,
Kemalang, Dompol,Sabtu,9 Juli 2022,,,7,,,
Klaten Tengah, Buntalan,Sabtu,9 Juli 2022,,,7,,,
Karanganom, Jungkare,Sabtu,9 Juli 2022,,,9,,,
Karanganom, Jurangjero,Sabtu,9 Juli 2022,,,1,,,
Ceper, Kujon,Sabtu,9 Juli 2022,,,5,,,
Pedan, Ngaren,Sabtu,9 Juli 2022,,,1,,,
Pedan, Beji,Sabtu,9 Juli 2022,,,1,,,
Karangnongko, Jiwan,Sabtu,9 Juli 2022,,,1,,,
Cawas, Karangasem,Sabtu,9 Juli 2022,,,1,,,
Karangdowo, Sentono,Sabtu,9 Juli 2022,,,1,,,
Jatinom, Kayumas ,Senin,11 Juli 2022,,,1,,,
Jatinom, Bengking ,Senin,11 Juli 2022,,,38,,,
Jatinom, Randulanang ,Senin,11 Juli 2022,,,1,,,
Jatinom, Beteng ,Senin,11 Juli 2022,,,7,,,
Jatinom, Glagah,Senin,11 Juli 2022,,,29,,,
Jatinom, Tibayan,Senin,11 Juli 2022,,,6,,,
Jatinom, Bandungan,Senin,11 Juli 2022,,,39,,,
Jatinom, Temuireng,Senin,11 Juli 2022,,,1,,,
Jatinom, Pandeyan,Senin,11 Juli 2022,,,2,,,
Jatinom, Socokangsi,Senin,11 Juli 2022,,,59,,,
Jatinom, Puluhan,Senin,11 Juli 2022,,,3,,,
Jatinom, Jemawan,Senin,11 Juli 2022,,,2,,,
Jatinom, Mranggen,Senin,11 Juli 2022,,,2,,,
Tulung, Tulung ,Senin,11 Juli 2022,,,20,,,
Tulung, Bono,Senin,11 Juli 2022,,,6,,,
Tulung, Gedongjetis ,Senin,11 Juli 2022,,,5,,,
Tulung, Majegan,Senin,11 Juli 2022,,3,,,,
Tulung, Sedayu,Senin,11 Juli 2022,,,14,,,
Tulung, Mundu,Senin,11 Juli 2022,,,3,,,
Tulung, Kemiri,Senin,11 Juli 2022,,,14,,5,
Prambanan, Sengon,Senin,11 Juli 2022,,,13,,,
Prambanan, Randusari,Senin,11 Juli 2022,,,2,,,
Prambanan, Brajan,Senin,11 Juli 2022,,,13,,2,
Prambanan, Kebondalem lor,Senin,11 Juli 2022,,,6,,,
Prambanan, Kokosan,Senin,11 Juli 2022,,,5,,,
Prambanan, Joho,Senin,11 Juli 2022,,,11,,,
Prambanan, Kemudo,Senin,11 Juli 2022,,,11,,1,
Bayat, Wiro,Senin,11 Juli 2022,,,57,,,
Jogonalan, Tambakan,Senin,11 Juli 2022,,,2,,,
Jogonalan, Rejoso,Senin,11 Juli 2022,,,9,,,
Jogonalan, Wonoboyo,Senin,11 Juli 2022,,25,1,,,
Jogonalan, Somopuro,Senin,11 Juli 2022,,1,,,,
Jogonalan, Granting,Senin,11 Juli 2022,,,13,,,
Jogonalan, Dompyongan,Senin,11 Juli 2022,,,18,,,
Wedi, Kalitengah,Senin,11 Juli 2022,,,4,,,
Wedi, Melikan,Senin,11 Juli 2022,,,8,,6,
Wedi, Jiwowetan,Senin,11 Juli 2022,,,4,,,
Wedi, Kadilanggon,Senin,11 Juli 2022,,,5,,5,
Wedi, Kaligayam,Senin,11 Juli 2022,,3,17,,1,
Trucuk, Kalikebo,Senin,11 Juli 2022,,,7,,,
Trucuk, Karangpakel,Senin,11 Juli 2022,,,2,,,
Trucuk, Sumber,Senin,11 Juli 2022,,,4,,,
Trucuk, Wanglu,Senin,11 Juli 2022,,,9,,,
Trucuk, Bero,Senin,11 Juli 2022,,,4,,,
Trucuk, Mandong,Senin,11 Juli 2022,,,5,,,
Gantiwarno, Karangturi,Senin,11 Juli 2022,,,6,,,
Gantiwarno, Kragilan,Senin,11 Juli 2022,,,16,,,
Manisrenggo, Tijayan,Senin,11 Juli 2022,,,1,,,
Manisrenggo, Solodiran,Senin,11 Juli 2022,,,4,,,
Manisrenggo, Tanjungsari,Senin,11 Juli 2022,,,4,,,
Manisrenggo, Taskombang,Senin,11 Juli 2022,,,2,,,
Manisrenggo, Nangsri,Senin,11 Juli 2022,,,10,,,
Manisrenggo, Barukan,Senin,11 Juli 2022,,,2,,,
Kalikotes, Kalikotes,Senin,11 Juli 2022,,,2,,2,
Kalikotes, Krajan,Senin,11 Juli 2022,,,16,,16,
Wonosari, Jelobo,Senin,11 Juli 2022,,,17,,,
Ngawen, Tempursari,Senin,11 Juli 2022,,,15,,,
Ngawen, Manjungan,Senin,11 Juli 2022,,,1,,,
Kemalang, Tegalmulyo,Senin,11 Juli 2022,,,3,,,
Kemalang, Dompol,Senin,11 Juli 2022,,,7,,,
Klaten Tengah, Buntalan,Senin,11 Juli 2022,,,7,,,
Karanganom, Jungkare,Senin,11 Juli 2022,,,9,,,
Karanganom, Jurangjero,Senin,11 Juli 2022,,,1,,,
Ceper, Kujon,Senin,11 Juli 2022,,,5,,,
Klaten Utara, Karanganom,Senin,11 Juli 2022,,3,,,,
Pedan, Ngaren,Senin,11 Juli 2022,,1,1,,,
Pedan, Beji,Senin,11 Juli 2022,,1,1,,,
Karangnongko, Jiwan,Senin,11 Juli 2022,,1,1,,,
Cawas, Karangasem,Senin,11 Juli 2022,,1,1,,,
Karangdowo, Sentono,Senin,11 Juli 2022,,1,1,,,
Jatinom, Kayumas ,Selasa,12 Juli 2022,,,1,,,
Jatinom, Bengking ,Selasa,12 Juli 2022,,7,38,,,
Jatinom, Randulanang ,Selasa,12 Juli 2022,,,1,,,
Jatinom, Beteng ,Selasa,12 Juli 2022,,,7,,,
Jatinom, Glagah,Selasa,12 Juli 2022,,11,29,,,
Jatinom, Tibayan,Selasa,12 Juli 2022,,,6,,,
Jatinom, Bandungan,Selasa,12 Juli 2022,,,39,,,
Jatinom, Temuireng,Selasa,12 Juli 2022,,,1,,,
Jatinom, Pandeyan,Selasa,12 Juli 2022,,,2,,,
Jatinom, Socokangsi,Selasa,12 Juli 2022,,9,59,,,
Jatinom, Puluhan,Selasa,12 Juli 2022,,2,3,,,
Jatinom, Jemawan,Selasa,12 Juli 2022,,,2,,,
Jatinom, Mranggen,Selasa,12 Juli 2022,,,2,,,
Tulung, Tulung ,Selasa,12 Juli 2022,,8,20,,,
Tulung, Bono,Selasa,12 Juli 2022,,,6,,,
Tulung, Gedongjetis ,Selasa,12 Juli 2022,,,5,,,
Tulung, Majegan,Selasa,12 Juli 2022,,,3,,,
Tulung, Sedayu,Selasa,12 Juli 2022,,,14,,,
Tulung, Mundu,Selasa,12 Juli 2022,,,3,,,
Tulung, Kemiri,Selasa,12 Juli 2022,,,9,,,
Prambanan, Sengon,Selasa,12 Juli 2022,,,13,,4,
Prambanan, Randusari,Selasa,12 Juli 2022,,,2,,,
Prambanan, Brajan,Selasa,12 Juli 2022,,,11,,7,
Prambanan, Kebondalem lor,Selasa,12 Juli 2022,,,6,,,
Prambanan, Kokosan,Selasa,12 Juli 2022,,,5,,2,
Prambanan, Joho,Selasa,12 Juli 2022,,,11,,,
Prambanan, Kemudo,Selasa,12 Juli 2022,,,10,,2,
Bayat, Wiro,Selasa,12 Juli 2022,,,57,,,
Jogonalan, Tambakan,Selasa,12 Juli 2022,,,2,,,
Jogonalan, Rejoso,Selasa,12 Juli 2022,,,9,,,
Jogonalan, Wonoboyo,Selasa,12 Juli 2022,,,26,,,
Jogonalan, Somopuro,Selasa,12 Juli 2022,,,1,,,
Jogonalan, Granting,Selasa,12 Juli 2022,,,13,,,
Jogonalan, Dompyongan,Selasa,12 Juli 2022,,,18,,,
Wedi, Kalitengah,Selasa,12 Juli 2022,,,4,,,
Wedi, Melikan,Selasa,12 Juli 2022,,,2,,,
Wedi, Jiwowetan,Selasa,12 Juli 2022,,,4,,,
Wedi, Kaligayam,Selasa,12 Juli 2022,,,19,,,
Trucuk, Kalikebo,Selasa,12 Juli 2022,,,7,,,
Trucuk, Karangpakel,Selasa,12 Juli 2022,,,2,,2,
Trucuk, Sumber,Selasa,12 Juli 2022,,,4,,,
Trucuk, Wanglu,Selasa,12 Juli 2022,,,9,,,
Trucuk, Bero,Selasa,12 Juli 2022,,,4,,,
Trucuk, Mandong,Selasa,12 Juli 2022,,,5,,,
Gantiwarno, Karangturi,Selasa,12 Juli 2022,,2,6,,,
Gantiwarno, Kragilan,Selasa,12 Juli 2022,,,16,,,
Manisrenggo, Tijayan,Selasa,12 Juli 2022,,,1,,,
Manisrenggo, Solodiran,Selasa,12 Juli 2022,,,4,,,
Manisrenggo, Tanjungsari,Selasa,12 Juli 2022,,,4,,,
Manisrenggo, Taskombang,Selasa,12 Juli 2022,,,2,,,
Manisrenggo, Nangsri,Selasa,12 Juli 2022,,,10,,,
Manisrenggo, Barukan,Selasa,12 Juli 2022,,,2,,,
Wonosari, Jelobo,Selasa,12 Juli 2022,,,17,,17,
Ngawen, Tempursari,Selasa,12 Juli 2022,,,15,,,
Ngawen, Manjungan,Selasa,12 Juli 2022,,,1,,,
Kemalang, Tegalmulyo,Selasa,12 Juli 2022,,,3,,,
Kemalang, Dompol,Selasa,12 Juli 2022,,,7,,,
Klaten Tengah, Buntalan,Selasa,12 Juli 2022,,,7,,,
Karanganom, Jungkare,Selasa,12 Juli 2022,,,9,,,
Karanganom, Jurangjero,Selasa,12 Juli 2022,,,1,,,
Ceper, Kujon,Selasa,12 Juli 2022,,,5,,5,
Klaten Utara, Karanganom,Selasa,12 Juli 2022,,,3,,,
Pedan, Ngaren,Selasa,12 Juli 2022,,,1,,,
Pedan, Beji,Selasa,12 Juli 2022,,,1,,,
Karangnongko, Jiwan,Selasa,12 Juli 2022,,,1,,,
Cawas, Karangasem,Selasa,12 Juli 2022,,,1,,1,
Cawas, Tugu,Selasa,12 Juli 2022,,1,,,,
Karangdowo, Sentono,Selasa,12 Juli 2022,,,1,,1,
Jatinom, Kayumas ,Rabu,13 Juli 2022,,,1,,,
Jatinom, Bengking ,Rabu,13 Juli 2022,,,45,,,
Jatinom, Randulanang ,Rabu,13 Juli 2022,,,1,,,
Jatinom, Beteng ,Rabu,13 Juli 2022,,,7,,,
Jatinom, Glagah,Rabu,13 Juli 2022,,,40,,,
Jatinom, Tibayan,Rabu,13 Juli 2022,,,6,,,
Jatinom, Bandungan,Rabu,13 Juli 2022,,,39,,,
Jatinom, Temuireng,Rabu,13 Juli 2022,,,1,,,
Jatinom, Pandeyan,Rabu,13 Juli 2022,,,2,,,
Jatinom, Socokangsi,Rabu,13 Juli 2022,,,68,,,
Jatinom, Puluhan,Rabu,13 Juli 2022,,,5,,,
Jatinom, Jemawan,Rabu,13 Juli 2022,,,2,,,
Jatinom, Mranggen,Rabu,13 Juli 2022,,,2,,,
Tulung, Tulung ,Rabu,13 Juli 2022,,,28,,,
Tulung, Bono,Rabu,13 Juli 2022,,,6,,,
Tulung, Gedongjetis ,Rabu,13 Juli 2022,,,5,,1,
Tulung, Majegan,Rabu,13 Juli 2022,,,3,,,
Tulung, Sedayu,Rabu,13 Juli 2022,,,14,,,
Tulung, Mundu,Rabu,13 Juli 2022,,,3,,,
Tulung, Kemiri,Rabu,13 Juli 2022,,,9,,,
Prambanan, Sengon,Rabu,13 Juli 2022,,,9,,,
Prambanan, Randusari,Rabu,13 Juli 2022,,,2,,,
Prambanan, Brajan,Rabu,13 Juli 2022,,,4,,,
Prambanan, Kebondalem lor,Rabu,13 Juli 2022,,,6,,,
Prambanan, Geneng,Rabu,13 Juli 2022,,1,,,,
Prambanan, Cucukan,Rabu,13 Juli 2022,,1,,,,
Prambanan, Kokosan,Rabu,13 Juli 2022,,,3,,,
Prambanan, Joho,Rabu,13 Juli 2022,,5,11,,,
Prambanan, Kemudo,Rabu,13 Juli 2022,,,8,,,
Bayat, Wiro,Rabu,13 Juli 2022,,,57,,,
Jogonalan, Tambakan,Rabu,13 Juli 2022,,,2,,,
Jogonalan, Rejoso,Rabu,13 Juli 2022,,,9,,,
Jogonalan, Wonoboyo,Rabu,13 Juli 2022,,,26,,,
Jogonalan, Somopuro,Rabu,13 Juli 2022,,,1,,,
Jogonalan, Granting,Rabu,13 Juli 2022,,,13,,,
Jogonalan, Dompyongan,Rabu,13 Juli 2022,,8,18,,,
Wedi, Kalitengah,Rabu,13 Juli 2022,,,4,,,
Wedi, Melikan,Rabu,13 Juli 2022,,,2,,,
Wedi, Jiwowetan,Rabu,13 Juli 2022,,,4,,,
Wedi, Kaligayam,Rabu,13 Juli 2022,,,19,,,
Trucuk, Kalikebo,Rabu,13 Juli 2022,,,7,,,
Trucuk, Sumber,Rabu,13 Juli 2022,,,4,,,
Trucuk, Wanglu,Rabu,13 Juli 2022,,,9,,,
Trucuk, Bero,Rabu,13 Juli 2022,,,4,,,
Trucuk, Mandong,Rabu,13 Juli 2022,,,5,,,
Gantiwarno, Karangturi,Rabu,13 Juli 2022,,,8,,,
Gantiwarno, Kragilan,Rabu,13 Juli 2022,,,16,,,
Manisrenggo, Tijayan,Rabu,13 Juli 2022,,,1,,,
Manisrenggo, Solodiran,Rabu,13 Juli 2022,,,4,,,
Manisrenggo, Tanjungsari,Rabu,13 Juli 2022,,,4,,,
Manisrenggo, Taskombang,Rabu,13 Juli 2022,,,2,,,
Manisrenggo, Nangsri,Rabu,13 Juli 2022,,,10,,,
Manisrenggo, Barukan,Rabu,13 Juli 2022,,,2,,,
Ngawen, Tempursari,Rabu,13 Juli 2022,,,15,,,
Ngawen, Manjungan,Rabu,13 Juli 2022,,,1,,,
Kemalang, Tegalmulyo,Rabu,13 Juli 2022,,,3,,2,
Kemalang, Dompol,Rabu,13 Juli 2022,,,7,,,
Klaten Tengah, Buntalan,Rabu,13 Juli 2022,,,7,,,
Karanganom, Jungkare,Rabu,13 Juli 2022,,,9,,,
Karanganom, Jurangjero,Rabu,13 Juli 2022,,,1,,,
Klaten Utara, Karanganom,Rabu,13 Juli 2022,,,3,,,
Pedan, Ngaren,Rabu,13 Juli 2022,,,1,,,
Pedan, Beji,Rabu,13 Juli 2022,,,1,,,
Karangnongko, Jiwan,Rabu,13 Juli 2022,,,1,,,
Cawas, Tugu,Rabu,13 Juli 2022,,,1,,,
Jatinom, Kayumas ,Kamis,14 Juli 2022,,,1,,,
Jatinom, Bengking ,Kamis,14 Juli 2022,,,45,,,
Jatinom, Randulanang ,Kamis,14 Juli 2022,,,1,,1,
Jatinom, Beteng ,Kamis,14 Juli 2022,,,7,,,
Jatinom, Glagah,Kamis,14 Juli 2022,,,40,,,
Jatinom, Tibayan,Kamis,14 Juli 2022,,,6,,,
Jatinom, Bandungan,Kamis,14 Juli 2022,,3,39,,,
Jatinom, Temuireng,Kamis,14 Juli 2022,,,1,,,
Jatinom, Pandeyan,Kamis,14 Juli 2022,,,2,,,
Jatinom, Socokangsi,Kamis,14 Juli 2022,,,68,,,
Jatinom, Puluhan,Kamis,14 Juli 2022,,,5,,,
Jatinom, Jemawan,Kamis,14 Juli 2022,,,2,,,
Jatinom, Mranggen,Kamis,14 Juli 2022,,,2,,,
Tulung, Tulung ,Kamis,14 Juli 2022,,,28,,,
Tulung, Bono,Kamis,14 Juli 2022,,,6,,,
Tulung, Gedongjetis ,Kamis,14 Juli 2022,,,4,,,
Tulung, Majegan,Kamis,14 Juli 2022,,2,3,,,
Tulung, Sedayu,Kamis,14 Juli 2022,,,14,,,
Tulung, Mundu,Kamis,14 Juli 2022,,,3,,,
Tulung, Kemiri,Kamis,14 Juli 2022,,,9,,,
Prambanan, Sengon,Kamis,14 Juli 2022,,,9,,,
Prambanan, Randusari,Kamis,14 Juli 2022,,,2,,,
Prambanan, Brajan,Kamis,14 Juli 2022,,,4,,,
Prambanan, Kebondalem lor,Kamis,14 Juli 2022,,,6,,,
Prambanan, Geneng,Kamis,14 Juli 2022,,,1,,,
Prambanan, Cucukan,Kamis,14 Juli 2022,,,1,,,
Prambanan, Kokosan,Kamis,14 Juli 2022,,,3,,,
Prambanan, Joho,Kamis,14 Juli 2022,,,16,,,
Prambanan, Kemudo,Kamis,14 Juli 2022,,,8,,,
Bayat, Wiro,Kamis,14 Juli 2022,,,57,,,
Jogonalan, Tambakan,Kamis,14 Juli 2022,,,2,,,
Jogonalan, Rejoso,Kamis,14 Juli 2022,,,9,,,
Jogonalan, Wonoboyo,Kamis,14 Juli 2022,,,26,,,
Jogonalan, Somopuro,Kamis,14 Juli 2022,,,1,,,
Jogonalan, Granting,Kamis,14 Juli 2022,,,13,,,
Jogonalan, Dompyongan,Kamis,14 Juli 2022,,,26,,,
Wedi, Kalitengah,Kamis,14 Juli 2022,,,4,,,
Wedi, Melikan,Kamis,14 Juli 2022,,,2,,,
Wedi, Jiwowetan,Kamis,14 Juli 2022,,,4,,,
Wedi, Kaligayam,Kamis,14 Juli 2022,,,19,,,
Trucuk, Kalikebo,Kamis,14 Juli 2022,,,7,,,
Trucuk, Sumber,Kamis,14 Juli 2022,,,4,,,
Trucuk, Wanglu,Kamis,14 Juli 2022,,,9,,,
Trucuk, Bero,Kamis,14 Juli 2022,,,4,,,
Trucuk, Mandong,Kamis,14 Juli 2022,,,5,,,
Gantiwarno, Karangturi,Kamis,14 Juli 2022,,,8,,,
Gantiwarno, Kragilan,Kamis,14 Juli 2022,,,16,,,
Manisrenggo, Tijayan,Kamis,14 Juli 2022,,,1,,,
Manisrenggo, Solodiran,Kamis,14 Juli 2022,,,4,,,
Manisrenggo, Tanjungsari,Kamis,14 Juli 2022,,,4,,,
Manisrenggo, Taskombang,Kamis,14 Juli 2022,,,2,,,
Manisrenggo, Nangsri,Kamis,14 Juli 2022,,,10,,,
Manisrenggo, Barukan,Kamis,14 Juli 2022,,,2,,,
Ngawen, Tempursari,Kamis,14 Juli 2022,,,15,,,
Ngawen, Manjungan,Kamis,14 Juli 2022,,,1,,,
Kemalang, Tegalmulyo,Kamis,14 Juli 2022,,,1,,,
Kemalang, Dompol,Kamis,14 Juli 2022,,,7,,,
Klaten Tengah, Buntalan,Kamis,14 Juli 2022,,,7,,,
Karanganom, Jungkare,Kamis,14 Juli 2022,,,9,,,
Karanganom, Jurangjero,Kamis,14 Juli 2022,,,1,,,
Klaten Utara, Karanganom,Kamis,14 Juli 2022,,,3,,,
Pedan, Ngaren,Kamis,14 Juli 2022,,,1,,,
Pedan, Beji,Kamis,14 Juli 2022,,,1,,,
Karangnongko, Jiwan,Kamis,14 Juli 2022,,,1,,1,
Cawas, Tugu,Kamis,14 Juli 2022,,,1,,,
Jatinom, Kayumas ,Jumat,15 Juli 2022,,,1,,,
Jatinom, Bengking ,Jumat,15 Juli 2022,,,45,,,
Jatinom, Beteng ,Jumat,15 Juli 2022,,,7,,,
Jatinom, Glagah,Jumat,15 Juli 2022,,,40,,,
Jatinom, Tibayan,Jumat,15 Juli 2022,,,6,,,
Jatinom, Bandungan,Jumat,15 Juli 2022,,,42,,,
Jatinom, Temuireng,Jumat,15 Juli 2022,,,1,,,
Jatinom, Pandeyan,Jumat,15 Juli 2022,,,2,,,
Jatinom, Socokangsi,Jumat,15 Juli 2022,,,68,,,
Jatinom, Puluhan,Jumat,15 Juli 2022,,,5,,,
Jatinom, Jemawan,Jumat,15 Juli 2022,,,2,,,
Jatinom, Mranggen,Jumat,15 Juli 2022,,,2,,,
Tulung, Tulung ,Jumat,15 Juli 2022,,,28,,,
Tulung, Bono,Jumat,15 Juli 2022,,,6,,,
Tulung, Gedongjetis ,Jumat,15 Juli 2022,,,4,,,
Tulung, Majegan,Jumat,15 Juli 2022,,,5,,,
Tulung, Sedayu,Jumat,15 Juli 2022,,,14,,,
Tulung, Mundu,Jumat,15 Juli 2022,,,3,,,
Tulung, Kemiri,Jumat,15 Juli 2022,,,9,,,
Prambanan, Sengon,Jumat,15 Juli 2022,,,9,,,
Prambanan, Randusari,Jumat,15 Juli 2022,,2,2,,,
Prambanan, Brajan,Jumat,15 Juli 2022,,5,4,,,
Prambanan, Kebondalem lor,Jumat,15 Juli 2022,,1,6,,,
Prambanan, Geneng,Jumat,15 Juli 2022,,,1,,,
Prambanan, Cucukan,Jumat,15 Juli 2022,,,1,,,
Prambanan, Kokosan,Jumat,15 Juli 2022,,,3,,,
Prambanan, Joho,Jumat,15 Juli 2022,,,16,,,
Prambanan, Kemudo,Jumat,15 Juli 2022,,,8,,,
Bayat, Wiro,Jumat,15 Juli 2022,,,57,,,
Jogonalan, Tambakan,Jumat,15 Juli 2022,,,2,,,
Jogonalan, Rejoso,Jumat,15 Juli 2022,,,9,,,
Jogonalan, Wonoboyo,Jumat,15 Juli 2022,,,26,,,
Jogonalan, Somopuro,Jumat,15 Juli 2022,,,1,,,
Jogonalan, Granting,Jumat,15 Juli 2022,,,13,,,
Jogonalan, Dompyongan,Jumat,15 Juli 2022,,3,26,,,
Wedi, Kalitengah,Jumat,15 Juli 2022,,,4,,,
Wedi, Melikan,Jumat,15 Juli 2022,,,2,,,
Wedi, Jiwowetan,Jumat,15 Juli 2022,,,4,,,
Wedi, Kaligayam,Jumat,15 Juli 2022,,,19,,,
Trucuk, Kalikebo,Jumat,15 Juli 2022,,,7,,,
Trucuk, Sumber,Jumat,15 Juli 2022,,,4,,,
Trucuk, Wanglu,Jumat,15 Juli 2022,,,9,,,
Trucuk, Bero,Jumat,15 Juli 2022,,,4,,,
Trucuk, Mandong,Jumat,15 Juli 2022,,,5,,,
Gantiwarno, Karangturi,Jumat,15 Juli 2022,,,8,,,
Gantiwarno, Kragilan,Jumat,15 Juli 2022,,,16,,,
Manisrenggo, Tijayan,Jumat,15 Juli 2022,,,1,,,
Manisrenggo, Solodiran,Jumat,15 Juli 2022,,,4,,,
Manisrenggo, Tanjungsari,Jumat,15 Juli 2022,,,4,,,
Manisrenggo, Taskombang,Jumat,15 Juli 2022,,,2,,,
Manisrenggo, Nangsri,Jumat,15 Juli 2022,,,10,,,
Manisrenggo, Barukan,Jumat,15 Juli 2022,,,2,,,
Ngawen, Tempursari,Jumat,15 Juli 2022,,,15,,,
Ngawen, Manjungan,Jumat,15 Juli 2022,,,1,,,
Kemalang, Tegalmulyo,Jumat,15 Juli 2022,,,1,,,
Kemalang, Dompol,Jumat,15 Juli 2022,,,7,,,
Klaten Tengah, Buntalan,Jumat,15 Juli 2022,,,7,,,
Karanganom, Jungkare,Jumat,15 Juli 2022,,,9,,,
Karanganom, Jurangjero,Jumat,15 Juli 2022,,,1,,,
Klaten Utara, Karanganom,Jumat,15 Juli 2022,,,3,,,
Pedan, Ngaren,Jumat,15 Juli 2022,,,1,,,
Pedan, Beji,Jumat,15 Juli 2022,,,1,,,
Cawas, Tugu,Jumat,15 Juli 2022,,,1,,,
Kalikotes, JIMBUNG,Jumat,15 Juli 2022,,4,,,,
Jatinom,Kayumas .,Sabtu,16 Juli 2022,,24,1,,,
Jatinom,Bengking .,Sabtu,16 Juli 2022,,,45,,,
Jatinom,Beteng .,Sabtu,16 Juli 2022,,,7,,,
Jatinom,Glagah,Sabtu,16 Juli 2022,,,40,,,
Jatinom,Tibayan,Sabtu,16 Juli 2022,,,6,,,
Jatinom,Bandungan,Sabtu,16 Juli 2022,,,42,,,
Jatinom,Temuireng,Sabtu,16 Juli 2022,,,1,,,
Jatinom,Pandeyan,Sabtu,16 Juli 2022,,,2,,,
Jatinom,Socokangsi,Sabtu,16 Juli 2022,,,68,,,
Jatinom,Puluhan,Sabtu,16 Juli 2022,,,5,,,
Jatinom,Jemawan,Sabtu,16 Juli 2022,,,2,,,
Jatinom,Mranggen,Sabtu,16 Juli 2022,,,2,,,
Tulung,Tulung .,Sabtu,16 Juli 2022,,,28,,,
Tulung,Bono,Sabtu,16 Juli 2022,,,6,,,
Tulung,Gedongjetis .,Sabtu,16 Juli 2022,,,4,,,
Tulung,Majegan,Sabtu,16 Juli 2022,,,5,,,
Tulung,Sedayu,Sabtu,16 Juli 2022,,,14,,,
Tulung,Mundu,Sabtu,16 Juli 2022,,4,3,,,
Tulung,Kemiri,Sabtu,16 Juli 2022,,,9,,,
Prambanan,Sengon,Sabtu,16 Juli 2022,,,9,,,
Prambanan,Randusari,Sabtu,16 Juli 2022,,,4,,,
Prambanan,Brajan,Sabtu,16 Juli 2022,,,9,,,
Prambanan,Kebondalem lor,Sabtu,16 Juli 2022,,,7,,,
Prambanan,Geneng,Sabtu,16 Juli 2022,,,1,,,
Prambanan,Cucukan,Sabtu,16 Juli 2022,,,1,,,
Prambanan,Kokosan,Sabtu,16 Juli 2022,,,3,,,
Prambanan,Joho,Sabtu,16 Juli 2022,,,16,,,
Prambanan,Kemudo,Sabtu,16 Juli 2022,,,8,,,
Bayat,Jambakan,Sabtu,16 Juli 2022,,2,,,,
Bayat,Wiro,Sabtu,16 Juli 2022,,,57,,,
Jogonalan,Tambakan,Sabtu,16 Juli 2022,,,2,,,
Jogonalan,Rejoso,Sabtu,16 Juli 2022,,,9,,,
Jogonalan,Wonoboyo,Sabtu,16 Juli 2022,,,26,,,
Jogonalan,Somopuro,Sabtu,16 Juli 2022,,,1,,,
Jogonalan,Granting,Sabtu,16 Juli 2022,,,13,,,
Jogonalan,Dompyongan,Sabtu,16 Juli 2022,,,29,,,
Wedi,Kalitengah,Sabtu,16 Juli 2022,,,4,,,
Wedi,Melikan,Sabtu,16 Juli 2022,,,2,,,
Wedi,Jiwowetan,Sabtu,16 Juli 2022,,,4,,,
Wedi,Kaligayam,Sabtu,16 Juli 2022,,,19,,,
Trucuk,Kalikebo,Sabtu,16 Juli 2022,,,7,,,
Trucuk,Sumber,Sabtu,16 Juli 2022,,,4,,,
Trucuk,Wanglu,Sabtu,16 Juli 2022,,,9,,,
Trucuk,Karangpakel,Sabtu,16 Juli 2022,,2,,,,
Trucuk,Bero,Sabtu,16 Juli 2022,,,4,,,
Trucuk,Mandong,Sabtu,16 Juli 2022,,,5,,,
Gantiwarno,Karangturi,Sabtu,16 Juli 2022,,,8,,,
Gantiwarno,Kragilan,Sabtu,16 Juli 2022,,,16,,,
Manisrenggo,Tijayan,Sabtu,16 Juli 2022,,,1,,,
Manisrenggo,Solodiran,Sabtu,16 Juli 2022,,,4,,,
Manisrenggo,Tanjungsari,Sabtu,16 Juli 2022,,,4,,,
Manisrenggo,Taskombang,Sabtu,16 Juli 2022,,,2,,,
Manisrenggo,Nangsri,Sabtu,16 Juli 2022,,,10,,,
Manisrenggo,Barukan,Sabtu,16 Juli 2022,,,2,,,
Ngawen,Tempursari,Sabtu,16 Juli 2022,,,15,,,
Ngawen,Manjungan,Sabtu,16 Juli 2022,,,1,,,
Kemalang,Tegalmulyo,Sabtu,16 Juli 2022,,,1,,,
Kemalang,Bumiharjo,Sabtu,16 Juli 2022,,10,,,,
Kemalang,Dompol,Sabtu,16 Juli 2022,,,7,,,
Klaten Tengah,Buntalan,Sabtu,16 Juli 2022,,,7,,,
Karanganom,Jungkare,Sabtu,16 Juli 2022,,,9,,,
Karanganom,Jurangjero,Sabtu,16 Juli 2022,,,1,,,
Klaten Utara,Karanganom,Sabtu,16 Juli 2022,,,3,,,
Pedan,Ngaren,Sabtu,16 Juli 2022,,,1,,,
Pedan,Beji,Sabtu,16 Juli 2022,,,1,,,
Cawas,Tugu,Sabtu,16 Juli 2022,,,1,,,
Kalikotes,JIMBUNG,Sabtu,16 Juli 2022,,,4,,,
Jatinom,Kayumas .,Minggu,17 Juli 2022,,7,25,,,
Jatinom,Bengking .,Minggu,17 Juli 2022,,,45,,,
Jatinom,Beteng .,Minggu,17 Juli 2022,,3,7,,,
Jatinom,Glagah,Minggu,17 Juli 2022,,,40,,,
Jatinom,Tibayan,Minggu,17 Juli 2022,,,6,,,
Jatinom,Bandungan,Minggu,17 Juli 2022,,11,42,,,
Jatinom,Temuireng,Minggu,17 Juli 2022,,,1,,,
Jatinom,Pandeyan,Minggu,17 Juli 2022,,,2,,,
Jatinom,Socokangsi,Minggu,17 Juli 2022,,,68,,,
Jatinom,Puluhan,Minggu,17 Juli 2022,,,5,,,
Jatinom,Jemawan,Minggu,17 Juli 2022,,,2,,,
Jatinom,Mranggen,Minggu,17 Juli 2022,,,2,,,
Tulung,Tulung .,Minggu,17 Juli 2022,,,28,,,
Tulung,Bono,Minggu,17 Juli 2022,,,6,,,
Tulung,Gedongjetis .,Minggu,17 Juli 2022,,,4,,,
Tulung,Majegan,Minggu,17 Juli 2022,,2,5,,,
Tulung,Sedayu,Minggu,17 Juli 2022,,,14,,,
Tulung,Mundu,Minggu,17 Juli 2022,,,7,,,
Tulung,Kemiri,Minggu,17 Juli 2022,,,9,,,
Prambanan,Sengon,Minggu,17 Juli 2022,,,9,,,
Prambanan,Randusari,Minggu,17 Juli 2022,,,4,,,
Prambanan,Brajan,Minggu,17 Juli 2022,,,9,,,
Prambanan,Kebondalem lor,Minggu,17 Juli 2022,,,7,,,
Prambanan,Geneng,Minggu,17 Juli 2022,,,1,,,
Prambanan,Cucukan,Minggu,17 Juli 2022,,,1,,,
Prambanan,Kokosan,Minggu,17 Juli 2022,,,3,,,
Prambanan,Joho,Minggu,17 Juli 2022,,,16,,,
Prambanan,Kemudo,Minggu,17 Juli 2022,,,8,,,
Bayat,Jambakan,Minggu,17 Juli 2022,,,2,,,
Bayat,Wiro,Minggu,17 Juli 2022,,,57,,,
Jogonalan,Tambakan,Minggu,17 Juli 2022,,,2,,,
Jogonalan,Rejoso,Minggu,17 Juli 2022,,,9,,,
Jogonalan,Wonoboyo,Minggu,17 Juli 2022,,,26,,,
Jogonalan,Somopuro,Minggu,17 Juli 2022,,,1,,,
Jogonalan,Granting,Minggu,17 Juli 2022,,,13,,,
Jogonalan,Dompyongan,Minggu,17 Juli 2022,,,29,,,
Wedi,Kalitengah,Minggu,17 Juli 2022,,,4,,,
Wedi,Melikan,Minggu,17 Juli 2022,,,2,,,
Wedi,Jiwowetan,Minggu,17 Juli 2022,,,4,,,
Wedi,Kaligayam,Minggu,17 Juli 2022,,,19,,,
Trucuk,Kalikebo,Minggu,17 Juli 2022,,,7,,,
Trucuk,Sumber,Minggu,17 Juli 2022,,,4,,,
Trucuk,Wanglu,Minggu,17 Juli 2022,,,9,,,
Trucuk,Karangpakel,Minggu,17 Juli 2022,,,2,,,
Trucuk,Bero,Minggu,17 Juli 2022,,,4,,,
Trucuk,Mandong,Minggu,17 Juli 2022,,,5,,,
Gantiwarno,Karangturi,Minggu,17 Juli 2022,,,8,,,
Gantiwarno,Kragilan,Minggu,17 Juli 2022,,,16,,,
Manisrenggo,Tijayan,Minggu,17 Juli 2022,,,1,,,
Manisrenggo,Solodiran,Minggu,17 Juli 2022,,,4,,,
Manisrenggo,Tanjungsari,Minggu,17 Juli 2022,,,4,,,
Manisrenggo,Taskombang,Minggu,17 Juli 2022,,,2,,,
Manisrenggo,Nangsri,Minggu,17 Juli 2022,,,10,,,
Manisrenggo,Barukan,Minggu,17 Juli 2022,,,2,,,
Ngawen,Tempursari,Minggu,17 Juli 2022,,,15,,,
Ngawen,Manjungan,Minggu,17 Juli 2022,,,1,,,
Kemalang,Tegalmulyo,Minggu,17 Juli 2022,,,1,,,
Kemalang,Bumiharjo,Minggu,17 Juli 2022,,,10,,,
Kemalang,Dompol,Minggu,17 Juli 2022,,,7,,,
Klaten Tengah,Buntalan,Minggu,17 Juli 2022,,,7,,,
Karanganom,Jungkare,Minggu,17 Juli 2022,,,9,,,
Karanganom,Jurangjero,Minggu,17 Juli 2022,,,1,,,
Klaten Utara,Karanganom,Minggu,17 Juli 2022,,2,3,,,
Pedan,Ngaren,Minggu,17 Juli 2022,,,1,,,
Pedan,Beji,Minggu,17 Juli 2022,,,1,,,
Cawas,Tugu,Minggu,17 Juli 2022,,,1,,,
Kalikotes,JIMBUNG,Minggu,17 Juli 2022,,,4,,,
Jatinom,Kayumas .,Senin,18 Juli 2022,,,32,,,
Jatinom,Bengking .,Senin,18 Juli 2022,,,45,,,
Jatinom,Beteng .,Senin,18 Juli 2022,,,10,,,
Jatinom,Glagah,Senin,18 Juli 2022,,,40,,,
Jatinom,Tibayan,Senin,18 Juli 2022,,,6,,,
Jatinom,Bandungan,Senin,18 Juli 2022,,,53,,,
Jatinom,Temuireng,Senin,18 Juli 2022,,,1,,,
Jatinom,Pandeyan,Senin,18 Juli 2022,,,2,,,
Jatinom,Socokangsi,Senin,18 Juli 2022,,,68,,,
Jatinom,Puluhan,Senin,18 Juli 2022,,,5,,,
Jatinom,Jemawan,Senin,18 Juli 2022,,,2,,,
Jatinom,Mranggen,Senin,18 Juli 2022,,,2,,,
Tulung,Tulung .,Senin,18 Juli 2022,,,28,,,
Tulung,Bono,Senin,18 Juli 2022,,,6,,,
Tulung,Gedongjetis .,Senin,18 Juli 2022,,,4,,,
Tulung,Majegan,Senin,18 Juli 2022,,,10,,,
Tulung,Sedayu,Senin,18 Juli 2022,,,14,,,
Tulung,Mundu,Senin,18 Juli 2022,,,7,,,
Tulung,Kemiri,Senin,18 Juli 2022,,,9,,,
Prambanan,Sengon,Senin,18 Juli 2022,,,9,,2,
Prambanan,Randusari,Senin,18 Juli 2022,,1,4,,,
Prambanan,Brajan,Senin,18 Juli 2022,,,9,,,
Prambanan,Kebondalem lor,Senin,18 Juli 2022,,2,7,,,
Prambanan,Geneng,Senin,18 Juli 2022,,,1,,,
Prambanan,Cucukan,Senin,18 Juli 2022,,,1,,,
Prambanan,Kokosan,Senin,18 Juli 2022,,,3,,,
Prambanan,Joho,Senin,18 Juli 2022,,,16,,,
Prambanan,Kemudo,Senin,18 Juli 2022,,3,8,,,
Bayat,Jambakan,Senin,18 Juli 2022,,,2,,,
Bayat,Wiro,Senin,18 Juli 2022,,,57,,,
Jogonalan,Tambakan,Senin,18 Juli 2022,,,2,,,
Jogonalan,Rejoso,Senin,18 Juli 2022,,8,9,,,
Jogonalan,Wonoboyo,Senin,18 Juli 2022,,,26,,,
Jogonalan,Somopuro,Senin,18 Juli 2022,,15,1,,,
Jogonalan,Granting,Senin,18 Juli 2022,,,13,,,
Jogonalan,Dompyongan,Senin,18 Juli 2022,,1,29,,,
Wedi,Kalitengah,Senin,18 Juli 2022,,,4,,,
Wedi,Kadibolo,Senin,18 Juli 2022,,4,,,,
Wedi,Melikan,Senin,18 Juli 2022,,,2,,,
Wedi,Jiwowetan,Senin,18 Juli 2022,,,4,,,
Wedi,Kaligayam,Senin,18 Juli 2022,,2,19,,,
Trucuk,Kalikebo,Senin,18 Juli 2022,,,7,,,
Trucuk,Sumber,Senin,18 Juli 2022,,,4,,,
Trucuk,Wanglu,Senin,18 Juli 2022,,,9,,,
Trucuk,Karangpakel,Senin,18 Juli 2022,,1,2,,,
Trucuk,Bero,Senin,18 Juli 2022,,,4,,,
Trucuk,Mandong,Senin,18 Juli 2022,,,5,,,
Gantiwarno,Karangturi,Senin,18 Juli 2022,,,8,,,
Gantiwarno,Baturan,Senin,18 Juli 2022,,4,,,,
Gantiwarno, Jogoprayan,Senin,18 Juli 2022,,1,,,,
Gantiwarno,Kragilan,Senin,18 Juli 2022,,,16,,,
Manisrenggo,Tijayan,Senin,18 Juli 2022,,,1,,,
Manisrenggo,Solodiran,Senin,18 Juli 2022,,,4,,,
Manisrenggo,Tanjungsari,Senin,18 Juli 2022,,,4,,,
Manisrenggo,Taskombang,Senin,18 Juli 2022,,,2,,,
Manisrenggo,Nangsri,Senin,18 Juli 2022,,,10,,,
Manisrenggo,Barukan,Senin,18 Juli 2022,,,2,,,
Ngawen,Tempursari,Senin,18 Juli 2022,,,15,,,
Ngawen,Manjungan,Senin,18 Juli 2022,,,1,,,
Kemalang,Tegalmulyo,Senin,18 Juli 2022,,,1,,,
Kemalang,keputran,Senin,18 Juli 2022,,3,,,,
Kemalang,Kemalang,Senin,18 Juli 2022,,11,,,,
Kemalang,Bumiharjo,Senin,18 Juli 2022,,13,10,,,
Kemalang,Dompol,Senin,18 Juli 2022,,1,7,,,
Klaten Tengah,Buntalan,Senin,18 Juli 2022,,,7,,,
Karanganom,Jungkare,Senin,18 Juli 2022,,,9,,,
Karanganom,Jurangjero,Senin,18 Juli 2022,,,1,,,
Klaten Utara,Karanganom,Senin,18 Juli 2022,,,5,,,
Pedan,Ngaren,Senin,18 Juli 2022,,,1,,,
Pedan,Beji,Senin,18 Juli 2022,,,1,,,
Cawas,Tugu,Senin,18 Juli 2022,,,1,,,
Kalikotes,JIMBUNG,Senin,18 Juli 2022,,,4,,,
Jatinom,Kayumas .,Selasa,19 Juli 2022,,,32,,,
Jatinom,Bengking .,Selasa,19 Juli 2022,,,45,,,
Jatinom,Beteng .,Selasa,19 Juli 2022,,4,10,,,
Jatinom,Glagah,Selasa,19 Juli 2022,,4,40,,,
Jatinom,Tibayan,Selasa,19 Juli 2022,,14,6,,,
Jatinom,Bandungan,Selasa,19 Juli 2022,,1,53,,,
Jatinom,Temuireng,Selasa,19 Juli 2022,,,1,,,
Jatinom,Cawan,Selasa,19 Juli 2022,,12,,,,
Jatinom,Randulanang,Selasa,19 Juli 2022,,29,,,,
Jatinom,Pandeyan,Selasa,19 Juli 2022,,,2,,,
Jatinom,Socokangsi,Selasa,19 Juli 2022,,165,68,,,
Jatinom,Puluhan,Selasa,19 Juli 2022,,4,5,,,
Jatinom,Jemawan,Selasa,19 Juli 2022,,3,2,,,
Jatinom,Mranggen,Selasa,19 Juli 2022,,14,2,,,
Tulung,Tulung .,Selasa,19 Juli 2022,,8,28,,,
Tulung,Bono,Selasa,19 Juli 2022,,,6,,,
Tulung,Gedongjetis .,Selasa,19 Juli 2022,,,4,,,
Tulung,Majegan,Selasa,19 Juli 2022,,6,10,,,
Tulung,Dalangan,Selasa,19 Juli 2022,,4,,,,
Tulung,Sorogaten,Selasa,19 Juli 2022,,3,,,,
Tulung,Daleman,Selasa,19 Juli 2022,,6,,,,
Tulung,Sedayu,Selasa,19 Juli 2022,,,14,,,
Tulung,Pucang Miliran,Selasa,19 Juli 2022,,4,,,,
Tulung,Mundu,Selasa,19 Juli 2022,,,7,,,
Tulung,Kemiri,Selasa,19 Juli 2022,,,9,,,
Prambanan,Sengon,Selasa,19 Juli 2022,,,7,,,
Prambanan,Randusari,Selasa,19 Juli 2022,,,5,,,
Prambanan,Brajan,Selasa,19 Juli 2022,,3,9,,,
Prambanan,Kebondalem lor,Selasa,19 Juli 2022,,,9,,,
Prambanan,Geneng,Selasa,19 Juli 2022,,,1,,,
Prambanan,Cucukan,Selasa,19 Juli 2022,,,1,,,
Prambanan,Kokosan,Selasa,19 Juli 2022,,,3,,,
Prambanan,Joho,Selasa,19 Juli 2022,,,16,,,
Prambanan,Kemudo,Selasa,19 Juli 2022,,,11,,,
Prambanan,Jambakan,Selasa,19 Juli 2022,,,2,,,
Prambanan,Wiro,Selasa,19 Juli 2022,,,57,,,
Jogonalan,Tambakan,Selasa,19 Juli 2022,,,2,,,
Jogonalan,Rejoso,Selasa,19 Juli 2022,,,17,,,
Jogonalan,Wonoboyo,Selasa,19 Juli 2022,,,26,,,
Jogonalan,Somopuro,Selasa,19 Juli 2022,,,16,,,
Jogonalan,Granting,Selasa,19 Juli 2022,,,13,,,
Jogonalan,Dompyongan,Selasa,19 Juli 2022,,,30,,,
Wedi,Kalitengah,Selasa,19 Juli 2022,,,4,,,
Wedi,Kadibolo,Selasa,19 Juli 2022,,,4,,,
Wedi,Melikan,Selasa,19 Juli 2022,,,2,,,
Wedi,Jiwowetan,Selasa,19 Juli 2022,,,4,,,
Wedi,Kaligayam,Selasa,19 Juli 2022,,,21,,,
Trucuk,Kalikebo,Selasa,19 Juli 2022,,4,7,,,
Trucuk,Sumber,Selasa,19 Juli 2022,,,4,,,
Trucuk,Wanglu,Selasa,19 Juli 2022,,,9,,,
Trucuk,Karangpakel,Selasa,19 Juli 2022,,2,3,,,
Trucuk,Bero,Selasa,19 Juli 2022,,,4,,,
Trucuk,Mandong,Selasa,19 Juli 2022,,,5,,,
Gantiwarno,Karangturi,Selasa,19 Juli 2022,,,8,,,
Gantiwarno,Baturan,Selasa,19 Juli 2022,,,4,,,
Gantiwarno, Jogoprayan,Selasa,19 Juli 2022,,,1,,,
Gantiwarno,Kragilan,Selasa,19 Juli 2022,,,16,,,
Manisrenggo,Tijayan,Selasa,19 Juli 2022,,,1,,,
Manisrenggo,Solodiran,Selasa,19 Juli 2022,,,4,,,
Manisrenggo,Tanjungsari,Selasa,19 Juli 2022,,,4,,,
Manisrenggo,Taskombang,Selasa,19 Juli 2022,,,2,,,
Manisrenggo,Ngemplak Seneng,Selasa,19 Juli 2022,,5,,,,
Manisrenggo,Nangsri,Selasa,19 Juli 2022,,,10,,,
Manisrenggo,Barukan,Selasa,19 Juli 2022,,,2,,,
Ngawen,Tempursari,Selasa,19 Juli 2022,,,15,,,
Ngawen,Manjungan,Selasa,19 Juli 2022,,,1,,,
Kemalang,Tegalmulyo,Selasa,19 Juli 2022,,,1,,,
Kemalang,keputran,Selasa,19 Juli 2022,,3,3,,,
Kemalang,Kemalang,Selasa,19 Juli 2022,,,11,,,
Kemalang,Bawukan,Selasa,19 Juli 2022,,7,,,,
Kemalang,Bumiharjo,Selasa,19 Juli 2022,,9,23,,,
Kemalang,Dompol,Selasa,19 Juli 2022,,,8,,,
Klaten Tengah,Buntalan,Selasa,19 Juli 2022,,,7,,,
Karanganom,Jungkare,Selasa,19 Juli 2022,,,9,,,
Karanganom,Jurangjero,Selasa,19 Juli 2022,,,1,,,
Klaten Utara,Karanganom,Selasa,19 Juli 2022,,,5,,,
Pedan,Ngaren,Selasa,19 Juli 2022,,,1,,,
Pedan,Beji,Selasa,19 Juli 2022,,,1,,,
Cawas,Tugu,Selasa,19 Juli 2022,,,1,,,
Kalikotes,JIMBUNG,Selasa,19 Juli 2022,,,4,,,
Jatinom,Kayumas .,Rabu,20 Juli 2022,,,32,,,
Jatinom,Bengking .,Rabu,20 Juli 2022,,6,45,,,
Jatinom,Beteng .,Rabu,20 Juli 2022,,,14,,,
Jatinom,Glagah,Rabu,20 Juli 2022,,22,44,,,
Jatinom,Tibayan,Rabu,20 Juli 2022,,2,20,,,
Jatinom,Bandungan,Rabu,20 Juli 2022,,,54,,,
Jatinom,Temuireng,Rabu,20 Juli 2022,,,1,,,
Jatinom,Cawan,Rabu,20 Juli 2022,,45,12,,,
Jatinom,Randulanang,Rabu,20 Juli 2022,,,29,,,
Jatinom,Puluhan,Rabu,20 Juli 2022,,3,,,,
Jatinom,Krajan,Rabu,20 Juli 2022,,5,,,,
Jatinom,Gedaren,Rabu,20 Juli 2022,,9,,,,
Jatinom,Pandeyan,Rabu,20 Juli 2022,,,2,,,
Jatinom,Socokangsi,Rabu,20 Juli 2022,,27,233,,,
Jatinom,Puluhan,Rabu,20 Juli 2022,,,9,,,
Jatinom,Jemawan,Rabu,20 Juli 2022,,16,5,,,
Jatinom,Mranggen,Rabu,20 Juli 2022,,21,16,,,
Tulung,Tulung .,Rabu,20 Juli 2022,,,36,,,
Tulung,Bono,Rabu,20 Juli 2022,,,6,,,
Tulung,Gedongjetis .,Rabu,20 Juli 2022,,,4,,,
Tulung,Majegan,Rabu,20 Juli 2022,,14,16,,,
Tulung,Dalangan,Rabu,20 Juli 2022,,,4,,,
Tulung,Sorogaten,Rabu,20 Juli 2022,,2,3,,,
Tulung,Daleman,Rabu,20 Juli 2022,,4,6,,,
Tulung,Pomah,Rabu,20 Juli 2022,,3,,,,
Tulung,Sedayu,Rabu,20 Juli 2022,,,14,,,
Tulung,Pucang Miliran,Rabu,20 Juli 2022,,2,4,,,
Tulung,Mundu,Rabu,20 Juli 2022,,,7,,,
Tulung,Kemiri,Rabu,20 Juli 2022,,,9,,,
Prambanan,Sengon,Rabu,20 Juli 2022,,,7,,,
Prambanan,Randusari,Rabu,20 Juli 2022,,1,5,,,
Prambanan,Brajan,Rabu,20 Juli 2022,,1,12,,,
Prambanan,Kebondalem lor,Rabu,20 Juli 2022,,,9,,,
Prambanan,Geneng,Rabu,20 Juli 2022,,,1,,,
Prambanan,Cucukan,Rabu,20 Juli 2022,,,1,,,
Prambanan,Kokosan,Rabu,20 Juli 2022,,,3,,,
Prambanan,Joho,Rabu,20 Juli 2022,,1,16,,,
Prambanan,Kemudo,Rabu,20 Juli 2022,,,11,,,
Bayat,Jambakan,Rabu,20 Juli 2022,,,2,,,
Bayat,Wiro,Rabu,20 Juli 2022,,,57,,,
Jogonalan,Tambakan,Rabu,20 Juli 2022,,,2,,,
Jogonalan,Rejoso,Rabu,20 Juli 2022,,,17,,,
Jogonalan,Wonoboyo,Rabu,20 Juli 2022,,,26,,,
Jogonalan,Somopuro,Rabu,20 Juli 2022,,,16,,,
Jogonalan,Granting,Rabu,20 Juli 2022,,,13,,,
Jogonalan,Dompyongan,Rabu,20 Juli 2022,,,30,,,
Wedi,Kalitengah,Rabu,20 Juli 2022,,,4,,,
Wedi,Kadibolo,Rabu,20 Juli 2022,,,4,,,
Wedi,Melikan,Rabu,20 Juli 2022,,,2,,,
Wedi,Jiwowetan,Rabu,20 Juli 2022,,,4,,,
Wedi,Kaligayam,Rabu,20 Juli 2022,,,21,,,
Trucuk,Kalikebo,Rabu,20 Juli 2022,,,11,,,
Trucuk,Sumber,Rabu,20 Juli 2022,,,4,,,
Trucuk,Wanglu,Rabu,20 Juli 2022,,,9,,,
Trucuk,Karangpakel,Rabu,20 Juli 2022,,,5,,,
Trucuk,Bero,Rabu,20 Juli 2022,,,4,,,
Trucuk,Mandong,Rabu,20 Juli 2022,,,5,,,
Gantiwarno,Karangturi,Rabu,20 Juli 2022,,,8,,,
Gantiwarno,Baturan,Rabu,20 Juli 2022,,,4,,,
Gantiwarno, Jogoprayan,Rabu,20 Juli 2022,,,1,,,
Gantiwarno,Kragilan,Rabu,20 Juli 2022,,,16,,,
Manisrenggo,Tijayan,Rabu,20 Juli 2022,,,1,,,
Manisrenggo,Solodiran,Rabu,20 Juli 2022,,,4,,,
Manisrenggo,Tanjungsari,Rabu,20 Juli 2022,,,4,,,
Manisrenggo,Taskombang,Rabu,20 Juli 2022,,,2,,,
Manisrenggo,Kranggan,Rabu,20 Juli 2022,,2,,,,
Manisrenggo,Kepurun,Rabu,20 Juli 2022,,5,,,,
Manisrenggo,Ngemplak Seneng,Rabu,20 Juli 2022,,,5,,,
Manisrenggo,Nangsri,Rabu,20 Juli 2022,,,10,,,
Manisrenggo,Barukan,Rabu,20 Juli 2022,,,2,,,
Ngawen,Tempursari,Rabu,20 Juli 2022,,,15,,,
Ngawen,Drono,Rabu,20 Juli 2022,,2,,,,
Ngawen,Ngawen,Rabu,20 Juli 2022,,2,,,,
Ngawen,Mayungan,Rabu,20 Juli 2022,,16,,,,
Ngawen,Manjungan,Rabu,20 Juli 2022,,,1,,,
Kemalang,Tegalmulyo,Rabu,20 Juli 2022,,,1,,,
Kemalang,keputran,Rabu,20 Juli 2022,,2,6,,,
Kemalang,Kemalang,Rabu,20 Juli 2022,,,11,,,
Kemalang,Sidorejo,Rabu,20 Juli 2022,,4,,,,
Kemalang,Kendalsari,Rabu,20 Juli 2022,,10,,,,
Kemalang,Bawukan,Rabu,20 Juli 2022,,,7,,,
Kemalang,Bumiharjo,Rabu,20 Juli 2022,,,32,,,
Kemalang,Dompol,Rabu,20 Juli 2022,,,8,,,
Karangnongko,Kadilaju,Rabu,20 Juli 2022,,7,,,,
Karangnongko,Jiwan,Rabu,20 Juli 2022,,17,,,,
Karangnongko,Kanoman,Rabu,20 Juli 2022,,2,,,,
Karanganom,Jungkare,Rabu,20 Juli 2022,,,9,,,
Karanganom,Jambeyan,Rabu,20 Juli 2022,,1,,,,
Karanganom,Beku,Rabu,20 Juli 2022,,2,,,,
Karanganom,Blanceran,Rabu,20 Juli 2022,,3,,,,
Karanganom,Brangkal,Rabu,20 Juli 2022,,2,,,,
Karanganom,Jurangjero,Rabu,20 Juli 2022,,,1,,,
Klaten Tengah,Buntalan,Rabu,20 Juli 2022,,,7,,,
Klaten Utara,Karanganom,Rabu,20 Juli 2022,,,5,,,
Pedan,Ngaren,Rabu,20 Juli 2022,,,1,,,
Pedan,Beji,Rabu,20 Juli 2022,,,1,,,
Cawas,Tugu,Rabu,20 Juli 2022,,,1,,,
Kalikotes,JIMBUNG,Rabu,20 Juli 2022,,,4,,,
Jatinom,Kayumas .,Kamis,21 Juli 2022,,,32,,,
Jatinom,Bengking .,Kamis,21 Juli 2022,,,51,,,
Jatinom,Beteng .,Kamis,21 Juli 2022,,,14,,,
Jatinom,Glagah,Kamis,21 Juli 2022,,,66,,,
Jatinom,Tibayan,Kamis,21 Juli 2022,,,22,,,
Jatinom,Bandungan,Kamis,21 Juli 2022,,,54,,,
Jatinom,Temuireng,Kamis,21 Juli 2022,,,1,,,
Jatinom,Cawan,Kamis,21 Juli 2022,,,57,,,
Jatinom,Randulanang,Kamis,21 Juli 2022,,,29,,,
Jatinom,Puluhan,Kamis,21 Juli 2022,,,3,,,
Jatinom,Krajan,Kamis,21 Juli 2022,,,5,,,
Jatinom,Gedaren,Kamis,21 Juli 2022,,,9,,,
Jatinom,Pandeyan,Kamis,21 Juli 2022,,,2,,,
Jatinom,Socokangsi,Kamis,21 Juli 2022,,,260,,,
Jatinom,Puluhan,Kamis,21 Juli 2022,,,9,,,
Jatinom,Jemawan,Kamis,21 Juli 2022,,,21,,,
Jatinom,Mranggen,Kamis,21 Juli 2022,,,37,,,
Tulung,Tulung .,Kamis,21 Juli 2022,,,36,,,
Tulung,Bono,Kamis,21 Juli 2022,,,6,,,
Tulung,Gedongjetis .,Kamis,21 Juli 2022,,,4,,,
Tulung,Majegan,Kamis,21 Juli 2022,,,30,,,
Tulung,Dalangan,Kamis,21 Juli 2022,,,4,,,
Tulung,Sorogaten,Kamis,21 Juli 2022,,,5,,,
Tulung,Daleman,Kamis,21 Juli 2022,,,10,,,
Tulung,Pomah,Kamis,21 Juli 2022,,,3,,,
Tulung,Sedayu,Kamis,21 Juli 2022,,,14,,,
Tulung,Pucang Miliran,Kamis,21 Juli 2022,,,6,,,
Tulung,Mundu,Kamis,21 Juli 2022,,,7,,,
Tulung,Kemiri,Kamis,21 Juli 2022,,,9,,,
Prambanan,Sengon,Kamis,21 Juli 2022,,,7,,,
Prambanan,Randusari,Kamis,21 Juli 2022,,,6,,,
Prambanan,Brajan,Kamis,21 Juli 2022,,,13,,,
Prambanan,Kebondalem lor,Kamis,21 Juli 2022,,,9,,,
Prambanan,Geneng,Kamis,21 Juli 2022,,,1,,,
Prambanan,Cucukan,Kamis,21 Juli 2022,,,1,,,
Prambanan,Kokosan,Kamis,21 Juli 2022,,,3,,,
Prambanan,Joho,Kamis,21 Juli 2022,,,17,,,
Prambanan,Kemudo,Kamis,21 Juli 2022,,,11,,,
Bayat,Jambakan,Kamis,21 Juli 2022,,,2,,,
Bayat,Ngerangan,Kamis,21 Juli 2022,,1,,,,
Bayat,Talang,Kamis,21 Juli 2022,,5,,,,
Bayat,Wiro,Kamis,21 Juli 2022,,,57,,57,
Jogonalan,Tambakan,Kamis,21 Juli 2022,,,2,,,
Jogonalan,Rejoso,Kamis,21 Juli 2022,,,17,,,
Jogonalan,Wonoboyo,Kamis,21 Juli 2022,,,26,,,
Jogonalan,Somopuro,Kamis,21 Juli 2022,,,16,,,
Jogonalan,Granting,Kamis,21 Juli 2022,,,13,,,
Jogonalan,Dompyongan,Kamis,21 Juli 2022,,2,30,,,
Wedi,Kalitengah,Kamis,21 Juli 2022,,,4,,,
Wedi,Kadibolo,Kamis,21 Juli 2022,,,4,,,
Wedi,Melikan,Kamis,21 Juli 2022,,,2,,,
Wedi,Jiwowetan,Kamis,21 Juli 2022,,,4,,,
Wedi,Kaligayam,Kamis,21 Juli 2022,,,21,,,
Trucuk,Kalikebo,Kamis,21 Juli 2022,,,11,,4,
Trucuk,Sumber,Kamis,21 Juli 2022,,,4,,2,
Trucuk,Wanglu,Kamis,21 Juli 2022,,,9,,7,
Trucuk,Karangpakel,Kamis,21 Juli 2022,,,5,,2,
Trucuk,Bero,Kamis,21 Juli 2022,,,4,,2,
Trucuk,Mandong,Kamis,21 Juli 2022,,,5,,2,
Gantiwarno,Karangturi,Kamis,21 Juli 2022,,,8,,,
Gantiwarno,Baturan,Kamis,21 Juli 2022,,,4,,,
Gantiwarno, Jogoprayan,Kamis,21 Juli 2022,,,1,,,
Gantiwarno,Kragilan,Kamis,21 Juli 2022,,,16,,,
Manisrenggo,Tijayan,Kamis,21 Juli 2022,,,1,,,
Manisrenggo,Solodiran,Kamis,21 Juli 2022,,,4,,,
Manisrenggo,Tanjungsari,Kamis,21 Juli 2022,,,4,,,
Manisrenggo,Taskombang,Kamis,21 Juli 2022,,,2,,,
Manisrenggo,Kranggan,Kamis,21 Juli 2022,,,2,,,
Manisrenggo,Kepurun,Kamis,21 Juli 2022,,,5,,,
Manisrenggo,Ngemplak Seneng,Kamis,21 Juli 2022,,,5,,,
Manisrenggo,Nangsri,Kamis,21 Juli 2022,,,10,,,
Manisrenggo,Barukan,Kamis,21 Juli 2022,,,2,,,
Ngawen,Tempursari,Kamis,21 Juli 2022,,,15,,,
Ngawen,Drono,Kamis,21 Juli 2022,,,2,,,
Ngawen,Ngawen,Kamis,21 Juli 2022,,,2,,,
Ngawen,Mayungan,Kamis,21 Juli 2022,,,16,,,
Ngawen,Manjungan,Kamis,21 Juli 2022,,,1,,,
Kemalang,Tegalmulyo,Kamis,21 Juli 2022,,,1,,,
Kemalang,keputran,Kamis,21 Juli 2022,,,8,,,
Kemalang,Kemalang,Kamis,21 Juli 2022,,,11,,,
Kemalang,Sidorejo,Kamis,21 Juli 2022,,,4,,,
Kemalang,Kendalsari,Kamis,21 Juli 2022,,,10,,,
Kemalang,Bawukan,Kamis,21 Juli 2022,,,7,,,
Kemalang,Bumiharjo,Kamis,21 Juli 2022,,,32,,,
Kemalang,Dompol,Kamis,21 Juli 2022,,,8,,,
Karangnongko,Kadilaju,Kamis,21 Juli 2022,,,7,,,
Karangnongko,Jiwan,Kamis,21 Juli 2022,,,17,,,
Karangnongko,Kanoman,Kamis,21 Juli 2022,,,2,,,
Karanganom,Jungkare,Kamis,21 Juli 2022,,,9,,,
Karanganom,Jambeyan,Kamis,21 Juli 2022,,,1,,,
Karanganom,Beku,Kamis,21 Juli 2022,,,2,,,
Karanganom,Blanceran,Kamis,21 Juli 2022,,,3,,,
Karanganom,Brangkal,Kamis,21 Juli 2022,,,2,,,
Karanganom,Jurangjero,Kamis,21 Juli 2022,,,1,,,
Klaten Tengah,Buntalan,Kamis,21 Juli 2022,,,7,,,
Klaten Utara,Karanganom,Kamis,21 Juli 2022,,,5,,5,
Pedan,Ngaren,Kamis,21 Juli 2022,,,1,,1,
Pedan,Beji,Kamis,21 Juli 2022,,,1,,1,
Cawas,Tugu,Kamis,21 Juli 2022,,,1,,,
Cawas,Burikan,Kamis,21 Juli 2022,,1,,,,
Kalikotes,JIMBUNG,Kamis,21 Juli 2022,,,4,,,
Jatinom,Kayumas .,Jumat,22 Juli 2022,,,32,,,
Jatinom,Bengking .,Jumat,22 Juli 2022,,,51,,,
Jatinom,Beteng .,Jumat,22 Juli 2022,,,14,,,
Jatinom,Glagah,Jumat,22 Juli 2022,,,66,,,
Jatinom,Tibayan,Jumat,22 Juli 2022,,,22,,,
Jatinom,Bandungan,Jumat,22 Juli 2022,,,54,,,
Jatinom,Temuireng,Jumat,22 Juli 2022,,,1,,,
Jatinom,Cawan,Jumat,22 Juli 2022,,,57,,,
Jatinom,Randulanang,Jumat,22 Juli 2022,,,29,,,
Jatinom,Puluhan,Jumat,22 Juli 2022,,,3,,,
Jatinom,Krajan,Jumat,22 Juli 2022,,,5,,,
Jatinom,Gedaren,Jumat,22 Juli 2022,,,9,,,
Jatinom,Pandeyan,Jumat,22 Juli 2022,,,2,,,
Jatinom,Socokangsi,Jumat,22 Juli 2022,,,260,,,
Jatinom,Puluhan,Jumat,22 Juli 2022,,,9,,,
Jatinom,Jemawan,Jumat,22 Juli 2022,,,21,,,
Jatinom,Mranggen,Jumat,22 Juli 2022,,,37,,,
Tulung,Tulung .,Jumat,22 Juli 2022,,61,36,,,
Tulung,Kiringan,Jumat,22 Juli 2022,,81,,,,
Tulung,Sudimoro,Jumat,22 Juli 2022,,14,,,,
Tulung,Bono,Jumat,22 Juli 2022,,,6,,,
Tulung,Gedongjetis .,Jumat,22 Juli 2022,,,4,,,
Tulung,Majegan,Jumat,22 Juli 2022,,,30,,,
Tulung,Dalangan,Jumat,22 Juli 2022,,,4,,,
Tulung,Sorogaten,Jumat,22 Juli 2022,,,5,,,
Tulung,Daleman,Jumat,22 Juli 2022,,,10,,,
Tulung,Pomah,Jumat,22 Juli 2022,,,3,,,
Tulung,Sedayu,Jumat,22 Juli 2022,,,14,,,
Tulung,Pucang Miliran,Jumat,22 Juli 2022,,,6,,,
Tulung,Mundu,Jumat,22 Juli 2022,,,7,,,
Tulung,Kemiri,Jumat,22 Juli 2022,,,9,,,
Prambanan,Sengon,Jumat,22 Juli 2022,,,7,,,
Prambanan,Randusari,Jumat,22 Juli 2022,,,6,,,
Prambanan,Brajan,Jumat,22 Juli 2022,,,13,,,
Prambanan,Kebondalem lor,Jumat,22 Juli 2022,,,9,,,
Prambanan,Geneng,Jumat,22 Juli 2022,,,1,,,
Prambanan,Cucukan,Jumat,22 Juli 2022,,,1,,,
Prambanan,Kokosan,Jumat,22 Juli 2022,,,3,,,
Prambanan,Joho,Jumat,22 Juli 2022,,,17,,,
Prambanan,Kemudo,Jumat,22 Juli 2022,,,11,,,
Bayat,Jambakan,Jumat,22 Juli 2022,,,2,,,
Bayat,Ngerangan,Jumat,22 Juli 2022,,,1,,,
Bayat,Talang,Jumat,22 Juli 2022,,,5,,,
Jogonalan,Tambakan,Jumat,22 Juli 2022,,,2,,,
Jogonalan,Rejoso,Jumat,22 Juli 2022,,,17,,,
Jogonalan,Wonoboyo,Jumat,22 Juli 2022,,,26,,,
Jogonalan,Somopuro,Jumat,22 Juli 2022,,,16,,,
Jogonalan,Granting,Jumat,22 Juli 2022,,,13,,,
Jogonalan,Dompyongan,Jumat,22 Juli 2022,,3,32,,,
Wedi,Kalitengah,Jumat,22 Juli 2022,,,4,,,
Wedi,Kadibolo,Jumat,22 Juli 2022,,,4,,,
Wedi,Melikan,Jumat,22 Juli 2022,,,2,,,
Wedi,Jiwowetan,Jumat,22 Juli 2022,,,4,,4,
Wedi,Kaligayam,Jumat,22 Juli 2022,,,21,,13,
Trucuk,Kalikebo,Jumat,22 Juli 2022,,,7,,3,
Trucuk,Sumber,Jumat,22 Juli 2022,,,2,,2,
Trucuk,Wanglu,Jumat,22 Juli 2022,,,2,,2,
Trucuk,Karangpakel,Jumat,22 Juli 2022,,,3,,2,
Trucuk,Bero,Jumat,22 Juli 2022,,,2,,2,
Trucuk,Mandong,Jumat,22 Juli 2022,,,3,,,
Gantiwarno,Karangturi,Jumat,22 Juli 2022,,,8,,6,
Gantiwarno,Baturan,Jumat,22 Juli 2022,,,4,,,
Gantiwarno, Jogoprayan,Jumat,22 Juli 2022,,,1,,,
Gantiwarno,Kragilan,Jumat,22 Juli 2022,,,16,,6,
Manisrenggo,Tijayan,Jumat,22 Juli 2022,,,1,,,
Manisrenggo,Solodiran,Jumat,22 Juli 2022,,,4,,,
Manisrenggo,Tanjungsari,Jumat,22 Juli 2022,,,4,,,
Manisrenggo,Taskombang,Jumat,22 Juli 2022,,,2,,,
Manisrenggo,Kranggan,Jumat,22 Juli 2022,,,2,,,
Manisrenggo,Kepurun,Jumat,22 Juli 2022,,,5,,,
Manisrenggo,Ngemplak Seneng,Jumat,22 Juli 2022,,,5,,,
Manisrenggo,Nangsri,Jumat,22 Juli 2022,,,10,,,
Manisrenggo,Barukan,Jumat,22 Juli 2022,,,2,,,
Ngawen,Tempursari,Jumat,22 Juli 2022,,,15,,,
Ngawen,Drono,Jumat,22 Juli 2022,,,2,,,
Ngawen,Ngawen,Jumat,22 Juli 2022,,,2,,,
Ngawen,Mayungan,Jumat,22 Juli 2022,,,16,,,
Ngawen,Manjungan,Jumat,22 Juli 2022,,,1,,,
Kemalang,Tegalmulyo,Jumat,22 Juli 2022,,,1,,,
Kemalang,keputran,Jumat,22 Juli 2022,,,8,,,
Kemalang,Kemalang,Jumat,22 Juli 2022,,,11,,,
Kemalang,Sidorejo,Jumat,22 Juli 2022,,,4,,,
Kemalang,Kendalsari,Jumat,22 Juli 2022,,,10,,,
Kemalang,Bawukan,Jumat,22 Juli 2022,,,7,,,
Kemalang,Bumiharjo,Jumat,22 Juli 2022,,,32,,,
Kemalang,Dompol,Jumat,22 Juli 2022,,,8,,,
Karangnongko,Kadilaju,Jumat,22 Juli 2022,,,7,,,
Karangnongko,Jiwan,Jumat,22 Juli 2022,,,17,,,
Karangnongko,Kanoman,Jumat,22 Juli 2022,,,2,,,
Karanganom,Jungkare,Jumat,22 Juli 2022,,,9,,,
Karanganom,Jambeyan,Jumat,22 Juli 2022,,,1,,,
Karanganom,Beku,Jumat,22 Juli 2022,,,2,,,
Karanganom,Blanceran,Jumat,22 Juli 2022,,,3,,,
Karanganom,Brangkal,Jumat,22 Juli 2022,,,2,,,
Karanganom,Jurangjero,Jumat,22 Juli 2022,,,1,,,
Klaten Tengah,Buntalan,Jumat,22 Juli 2022,,,7,,,
Cawas,Tugu,Jumat,22 Juli 2022,,,1,,,
Cawas,Burikan,Jumat,22 Juli 2022,,,1,,,
Kalikotes,JIMBUNG,Jumat,22 Juli 2022,,,4,,,
Jatinom,Kayumas .,Sabtu,23 Juli 2022,,,32,,,
Jatinom,Bengking .,Sabtu,23 Juli 2022,,,51,,,
Jatinom,Beteng .,Sabtu,23 Juli 2022,,,14,,,
Jatinom,Glagah,Sabtu,23 Juli 2022,,,66,,,
Jatinom,Tibayan,Sabtu,23 Juli 2022,,,22,,,
Jatinom,Bandungan,Sabtu,23 Juli 2022,,,54,,,
Jatinom,Temuireng,Sabtu,23 Juli 2022,,,1,,,
Jatinom,Cawan,Sabtu,23 Juli 2022,,,57,,,
Jatinom,Randulanang,Sabtu,23 Juli 2022,,,29,,,
Jatinom,Puluhan,Sabtu,23 Juli 2022,,,3,,,
Jatinom,Krajan,Sabtu,23 Juli 2022,,,5,,,
Jatinom,Gedaren,Sabtu,23 Juli 2022,,,9,,,
Jatinom,Pandeyan,Sabtu,23 Juli 2022,,,2,,,
Jatinom,Socokangsi,Sabtu,23 Juli 2022,,,260,,,
Jatinom,Puluhan,Sabtu,23 Juli 2022,,,9,,,
Jatinom,Jemawan,Sabtu,23 Juli 2022,,,21,,,
Jatinom,Mranggen,Sabtu,23 Juli 2022,,,37,,,
Tulung,Tulung .,Sabtu,23 Juli 2022,,,97,,,
Tulung,Kiringan,Sabtu,23 Juli 2022,,,81,,,
Tulung,Sudimoro,Sabtu,23 Juli 2022,,,14,,,
Tulung,Bono,Sabtu,23 Juli 2022,,,6,,,
Tulung,Gedongjetis .,Sabtu,23 Juli 2022,,,4,,,
Tulung,Majegan,Sabtu,23 Juli 2022,,,30,,,
Tulung,Dalangan,Sabtu,23 Juli 2022,,,4,,,
Tulung,Sorogaten,Sabtu,23 Juli 2022,,,5,,,
Tulung,Daleman,Sabtu,23 Juli 2022,,,10,,,
Tulung,Pomah,Sabtu,23 Juli 2022,,,3,,,
Tulung,Sedayu,Sabtu,23 Juli 2022,,,14,,,
Tulung,Pucang Miliran,Sabtu,23 Juli 2022,,,6,,,
Tulung,Mundu,Sabtu,23 Juli 2022,,,7,,,
Tulung,Kemiri,Sabtu,23 Juli 2022,,,9,,,
Prambanan,Sengon,Sabtu,23 Juli 2022,,,7,,,
Prambanan,Randusari,Sabtu,23 Juli 2022,,4,6,,,
Prambanan,Brajan,Sabtu,23 Juli 2022,,1,13,,8,
Prambanan,Kebondalem lor,Sabtu,23 Juli 2022,,,9,,1,
Prambanan,Geneng,Sabtu,23 Juli 2022,,,1,,,
Prambanan,Cucukan,Sabtu,23 Juli 2022,,,1,,,
Prambanan,Kokosan,Sabtu,23 Juli 2022,,,3,,,
Prambanan,Joho,Sabtu,23 Juli 2022,,,17,,1,
Prambanan,Kemudo,Sabtu,23 Juli 2022,,1,11,,,
Bayat,Jambakan,Sabtu,23 Juli 2022,,,2,,,
Bayat,Ngerangan,Sabtu,23 Juli 2022,,,1,,,
Bayat,Talang,Sabtu,23 Juli 2022,,,5,,,
Jogonalan,Tambakan,Sabtu,23 Juli 2022,,,2,,,
Jogonalan,Rejoso,Sabtu,23 Juli 2022,,,17,,,
Jogonalan,Wonoboyo,Sabtu,23 Juli 2022,,,26,,,
Jogonalan,Somopuro,Sabtu,23 Juli 2022,,1,16,,,
Jogonalan,Granting,Sabtu,23 Juli 2022,,,13,,,
Jogonalan,Dompyongan,Sabtu,23 Juli 2022,,1,35,,2,
Wedi,Kalitengah,Sabtu,23 Juli 2022,,,4,,,
Wedi,Kadibolo,Sabtu,23 Juli 2022,,,4,,,
Wedi,Melikan,Sabtu,23 Juli 2022,,,2,,,
Wedi,Kaligayam,Sabtu,23 Juli 2022,,,8,,,
Trucuk,Kalikebo,Sabtu,23 Juli 2022,,,4,,,
Trucuk,Karangpakel,Sabtu,23 Juli 2022,,,1,,,
Trucuk,Mandong,Sabtu,23 Juli 2022,,,3,,,
Gantiwarno,Karangturi,Sabtu,23 Juli 2022,,,2,,,
Gantiwarno,Baturan,Sabtu,23 Juli 2022,,,4,,,
Gantiwarno, Jogoprayan,Sabtu,23 Juli 2022,,,1,,,
Gantiwarno,Kragilan,Sabtu,23 Juli 2022,,,10,,,
Manisrenggo,Tijayan,Sabtu,23 Juli 2022,,,1,,,
Manisrenggo,Solodiran,Sabtu,23 Juli 2022,,,4,,3,
Manisrenggo,Tanjungsari,Sabtu,23 Juli 2022,,,4,,,
Manisrenggo,Taskombang,Sabtu,23 Juli 2022,,,2,,1,
Manisrenggo,Kranggan,Sabtu,23 Juli 2022,,,2,,,
Manisrenggo,Kepurun,Sabtu,23 Juli 2022,,,5,,,
Manisrenggo,Ngemplak Seneng,Sabtu,23 Juli 2022,,,5,,,
Manisrenggo,Nangsri,Sabtu,23 Juli 2022,,,10,,1,
Manisrenggo,Barukan,Sabtu,23 Juli 2022,,,2,,,
Ngawen,Tempursari,Sabtu,23 Juli 2022,,,15,,,
Ngawen,Drono,Sabtu,23 Juli 2022,,,2,,,
Ngawen,Ngawen,Sabtu,23 Juli 2022,,,2,,,
Ngawen,Mayungan,Sabtu,23 Juli 2022,,,16,,,
Ngawen,Manjungan,Sabtu,23 Juli 2022,,,1,,,
Kemalang,Tegalmulyo,Sabtu,23 Juli 2022,,,1,,,
Kemalang,keputran,Sabtu,23 Juli 2022,,,8,,,
Kemalang,Kemalang,Sabtu,23 Juli 2022,,,11,,,
Kemalang,Sidorejo,Sabtu,23 Juli 2022,,,4,,,
Kemalang,Kendalsari,Sabtu,23 Juli 2022,,,10,,,
Kemalang,Bawukan,Sabtu,23 Juli 2022,,,7,,,
Kemalang,Bumiharjo,Sabtu,23 Juli 2022,,,32,,,
Kemalang,Dompol,Sabtu,23 Juli 2022,,,8,,,
Karangnongko,Kadilaju,Sabtu,23 Juli 2022,,,7,,,
Karangnongko,Jiwan,Sabtu,23 Juli 2022,,,17,,,
Karangnongko,Kanoman,Sabtu,23 Juli 2022,,,2,,,
Karanganom,Jungkare,Sabtu,23 Juli 2022,,,9,,,
Karanganom,Jambeyan,Sabtu,23 Juli 2022,,,1,,,
Karanganom,Beku,Sabtu,23 Juli 2022,,,2,,,
Karanganom,Blanceran,Sabtu,23 Juli 2022,,,3,,,
Karanganom,Brangkal,Sabtu,23 Juli 2022,,,2,,,
Karanganom,Jurangjero,Sabtu,23 Juli 2022,,,1,,,
Klaten Tengah,Buntalan,Sabtu,23 Juli 2022,,,7,,,
Cawas,Tugu,Sabtu,23 Juli 2022,,,1,,1,
Cawas,Burikan,Sabtu,23 Juli 2022,,,1,,,
Kalikotes,JIMBUNG,Sabtu,23 Juli 2022,,,4,,,
Jatinom,Kayumas .,Minggu,24 Juli 2022,,,32,,,
Jatinom,Bengking .,Minggu,24 Juli 2022,,,51,,,
Jatinom,Beteng .,Minggu,24 Juli 2022,,,14,,,
Jatinom,Glagah,Minggu,24 Juli 2022,,,66,,,
Jatinom,Tibayan,Minggu,24 Juli 2022,,,22,,,
Jatinom,Bandungan,Minggu,24 Juli 2022,,,54,,,
Jatinom,Temuireng,Minggu,24 Juli 2022,,,1,,,
Jatinom,Cawan,Minggu,24 Juli 2022,,,57,,,
Jatinom,Randulanang,Minggu,24 Juli 2022,,,29,,,
Jatinom,Puluhan,Minggu,24 Juli 2022,,,3,,,
Jatinom,Krajan,Minggu,24 Juli 2022,,,5,,,
Jatinom,Gedaren,Minggu,24 Juli 2022,,,9,,,
Jatinom,Pandeyan,Minggu,24 Juli 2022,,,2,,,
Jatinom,Socokangsi,Minggu,24 Juli 2022,,,260,,,
Jatinom,Puluhan,Minggu,24 Juli 2022,,,9,,,
Jatinom,Jemawan,Minggu,24 Juli 2022,,,21,,,
Jatinom,Mranggen,Minggu,24 Juli 2022,,,37,,,
Tulung,Tulung .,Minggu,24 Juli 2022,,,97,,,
Tulung,Kiringan,Minggu,24 Juli 2022,,,81,,,
Tulung,Sudimoro,Minggu,24 Juli 2022,,,14,,,
Tulung,Bono,Minggu,24 Juli 2022,,,6,,,
Tulung,Gedongjetis .,Minggu,24 Juli 2022,,,4,,,
Tulung,Majegan,Minggu,24 Juli 2022,,,30,,,
Tulung,Dalangan,Minggu,24 Juli 2022,,,4,,,
Tulung,Sorogaten,Minggu,24 Juli 2022,,,5,,,
Tulung,Daleman,Minggu,24 Juli 2022,,,10,,,
Tulung,Pomah,Minggu,24 Juli 2022,,,3,,,
Tulung,Sedayu,Minggu,24 Juli 2022,,,14,,,
Tulung,Pucang Miliran,Minggu,24 Juli 2022,,,6,,,
Tulung,Mundu,Minggu,24 Juli 2022,,,7,,,
Tulung,Kemiri,Minggu,24 Juli 2022,,,9,,,
Prambanan,Sengon,Minggu,24 Juli 2022,,,7,,,
Prambanan,Randusari,Minggu,24 Juli 2022,,3,10,,,
Prambanan,Brajan,Minggu,24 Juli 2022,,,6,,,
Prambanan,Kebondalem lor,Minggu,24 Juli 2022,,,8,,2,
Prambanan,Geneng,Minggu,24 Juli 2022,,,1,,,
Prambanan,Cucukan,Minggu,24 Juli 2022,,,1,,,
Prambanan,Kokosan,Minggu,24 Juli 2022,,,3,,,
Prambanan,Joho,Minggu,24 Juli 2022,,3,16,,,
Prambanan,Kemudo,Minggu,24 Juli 2022,,1,12,,2,
Bayat,Jambakan,Minggu,24 Juli 2022,,,2,,,
Bayat,Ngerangan,Minggu,24 Juli 2022,,,1,,,
Bayat,Talang,Minggu,24 Juli 2022,,,5,,,
Jogonalan,Tambakan,Minggu,24 Juli 2022,,,2,,,
Jogonalan,Rejoso,Minggu,24 Juli 2022,,,17,,,
Jogonalan,Wonoboyo,Minggu,24 Juli 2022,,,26,,,
Jogonalan,Somopuro,Minggu,24 Juli 2022,,,17,,,
Jogonalan,Granting,Minggu,24 Juli 2022,,,13,,,
Jogonalan,Dompyongan,Minggu,24 Juli 2022,,3,34,,,
Wedi,Kalitengah,Minggu,24 Juli 2022,,,4,,,
Wedi,Kadibolo,Minggu,24 Juli 2022,,,4,,,
Wedi,Melikan,Minggu,24 Juli 2022,,,2,,,
Wedi,Kaligayam,Minggu,24 Juli 2022,,,8,,,
Trucuk,Kalikebo,Minggu,24 Juli 2022,,,4,,,
Trucuk,Karangpakel,Minggu,24 Juli 2022,,,1,,,
Trucuk,Mandong,Minggu,24 Juli 2022,,,3,,,
Gantiwarno,Karangturi,Minggu,24 Juli 2022,,,2,,,
Gantiwarno,Baturan,Minggu,24 Juli 2022,,,4,,,
Gantiwarno, Jogoprayan,Minggu,24 Juli 2022,,,1,,,
Gantiwarno,Kragilan,Minggu,24 Juli 2022,,,10,,,
Manisrenggo,Tijayan,Minggu,24 Juli 2022,,,1,,,
Manisrenggo,Solodiran,Minggu,24 Juli 2022,,,1,,,
Manisrenggo,Tanjungsari,Minggu,24 Juli 2022,,,4,,,
Manisrenggo,Taskombang,Minggu,24 Juli 2022,,,1,,,
Manisrenggo,Kranggan,Minggu,24 Juli 2022,,,2,,,
Manisrenggo,Kepurun,Minggu,24 Juli 2022,,,5,,,
Manisrenggo,Ngemplak Seneng,Minggu,24 Juli 2022,,,5,,,
Manisrenggo,Nangsri,Minggu,24 Juli 2022,,,9,,,
Manisrenggo,Barukan,Minggu,24 Juli 2022,,,2,,,
Ngawen,Tempursari,Minggu,24 Juli 2022,,,15,,,
Ngawen,Drono,Minggu,24 Juli 2022,,,2,,,
Ngawen,Ngawen,Minggu,24 Juli 2022,,,2,,,
Ngawen,Mayungan,Minggu,24 Juli 2022,,,16,,,
Ngawen,Manjungan,Minggu,24 Juli 2022,,,1,,,
Kemalang,Tegalmulyo,Minggu,24 Juli 2022,,,1,,,
Kemalang,keputran,Minggu,24 Juli 2022,,,8,,,
Kemalang,Kemalang,Minggu,24 Juli 2022,,,11,,,
Kemalang,Sidorejo,Minggu,24 Juli 2022,,,4,,,
Kemalang,Kendalsari,Minggu,24 Juli 2022,,,10,,,
Kemalang,Bawukan,Minggu,24 Juli 2022,,,7,,,
Kemalang,Bumiharjo,Minggu,24 Juli 2022,,,32,,,
Kemalang,Dompol,Minggu,24 Juli 2022,,,8,,,
Karangnongko,Kadilaju,Minggu,24 Juli 2022,,6,7,,,
Karangnongko,Jiwan,Minggu,24 Juli 2022,,,17,,,
Karangnongko,Kanoman,Minggu,24 Juli 2022,,,2,,,
Karanganom,Jungkare,Minggu,24 Juli 2022,,,9,,,
Karanganom,Jambeyan,Minggu,24 Juli 2022,,,1,,,
Karanganom,Beku,Minggu,24 Juli 2022,,,2,,,
Karanganom,Blanceran,Minggu,24 Juli 2022,,,3,,,
Karanganom,Brangkal,Minggu,24 Juli 2022,,,2,,,
Karanganom,Jurangjero,Minggu,24 Juli 2022,,,1,,,
Klaten Tengah,Buntalan,Minggu,24 Juli 2022,,,7,,,
Cawas,Burikan,Minggu,24 Juli 2022,,,1,,,
Kalikotes,JIMBUNG,Minggu,24 Juli 2022,,,4,,,
Jatinom,Kayumas .,Senin,25 Juli 2022,,,32,,,
Jatinom,Bengking .,Senin,25 Juli 2022,,,51,,,
Jatinom,Beteng .,Senin,25 Juli 2022,,,14,,,
Jatinom,Glagah,Senin,25 Juli 2022,,,66,,,
Jatinom,Tibayan,Senin,25 Juli 2022,,,22,,,
Jatinom,Bandungan,Senin,25 Juli 2022,,,54,,,
Jatinom,Temuireng,Senin,25 Juli 2022,,,1,,,
Jatinom,Cawan,Senin,25 Juli 2022,,,57,,,
Jatinom,Randulanang,Senin,25 Juli 2022,,,29,,,
Jatinom,Puluhan,Senin,25 Juli 2022,,,3,,,
Jatinom,Krajan,Senin,25 Juli 2022,,,5,,,
Jatinom,Gedaren,Senin,25 Juli 2022,,,9,,,
Jatinom,Pandeyan,Senin,25 Juli 2022,,,2,,,
Jatinom,Socokangsi,Senin,25 Juli 2022,,,260,,,
Jatinom,Puluhan,Senin,25 Juli 2022,,,9,,,
Jatinom,Jemawan,Senin,25 Juli 2022,,,21,,,
Jatinom,Mranggen,Senin,25 Juli 2022,,,37,,,
Tulung,Tulung .,Senin,25 Juli 2022,,,97,,,
Tulung,Kiringan,Senin,25 Juli 2022,,,81,,,
Tulung,Sudimoro,Senin,25 Juli 2022,,,14,,,
Tulung,Bono,Senin,25 Juli 2022,,,6,,,
Tulung,Gedongjetis .,Senin,25 Juli 2022,,,4,,,
Tulung,Majegan,Senin,25 Juli 2022,,,30,,,
Tulung,Dalangan,Senin,25 Juli 2022,,,4,,,
Tulung,Sorogaten,Senin,25 Juli 2022,,,5,,,
Tulung,Daleman,Senin,25 Juli 2022,,,10,,,
Tulung,Pomah,Senin,25 Juli 2022,,,3,,,
Tulung,Sedayu,Senin,25 Juli 2022,,,14,,,
Tulung,Pucang Miliran,Senin,25 Juli 2022,,,6,,,
Tulung,Mundu,Senin,25 Juli 2022,,,7,,,
Tulung,Kemiri,Senin,25 Juli 2022,,,9,,,
Prambanan,Sengon,Senin,25 Juli 2022,,,7,,,
Prambanan,Randusari,Senin,25 Juli 2022,,,13,,,
Prambanan,Brajan,Senin,25 Juli 2022,,,6,,,
Prambanan,Kebondalem lor,Senin,25 Juli 2022,,,6,,,
Prambanan,Geneng,Senin,25 Juli 2022,,,1,,,
Prambanan,Cucukan,Senin,25 Juli 2022,,,1,,,
Prambanan,Kokosan,Senin,25 Juli 2022,,,3,,,
Prambanan,Joho,Senin,25 Juli 2022,,,19,,,
Prambanan,Kemudo,Senin,25 Juli 2022,,,11,,,
Bayat,Jambakan,Senin,25 Juli 2022,,,2,,,
Bayat,Ngerangan,Senin,25 Juli 2022,,,1,,,
Bayat,Talang,Senin,25 Juli 2022,,,5,,,
Jogonalan,Tambakan,Senin,25 Juli 2022,,,2,,,
Jogonalan,Rejoso,Senin,25 Juli 2022,,,17,,,
Jogonalan,Wonoboyo,Senin,25 Juli 2022,,,26,,,
Jogonalan,Somopuro,Senin,25 Juli 2022,,,17,,,
Jogonalan,Granting,Senin,25 Juli 2022,,,13,,10,
Jogonalan,Dompyongan,Senin,25 Juli 2022,,,37,,,
Wedi,Kalitengah,Senin,25 Juli 2022,,,4,,4,
Wedi,Kadibolo,Senin,25 Juli 2022,,,4,,,
Wedi,Melikan,Senin,25 Juli 2022,,,2,,2,
Wedi,Kaligayam,Senin,25 Juli 2022,,,8,,2,
Trucuk,Kalikebo,Senin,25 Juli 2022,,,4,,,
Trucuk,Karangpakel,Senin,25 Juli 2022,,,1,,,
Trucuk,Mandong,Senin,25 Juli 2022,,,3,,,
Gantiwarno,Karangturi,Senin,25 Juli 2022,,,2,,,
Gantiwarno,Baturan,Senin,25 Juli 2022,,,4,,,
Gantiwarno, Jogoprayan,Senin,25 Juli 2022,,,1,,,
Gantiwarno,Kragilan,Senin,25 Juli 2022,,,10,,2,
Manisrenggo,Tijayan,Senin,25 Juli 2022,,,1,,,
Manisrenggo,Solodiran,Senin,25 Juli 2022,,,1,,,
Manisrenggo,Tanjungsari,Senin,25 Juli 2022,,,4,,,
Manisrenggo,Taskombang,Senin,25 Juli 2022,,,1,,,
Manisrenggo,Kranggan,Senin,25 Juli 2022,,,2,,,
Manisrenggo,Kepurun,Senin,25 Juli 2022,,,5,,,
Manisrenggo,Ngemplak Seneng,Senin,25 Juli 2022,,,5,,,
Manisrenggo,Nangsri,Senin,25 Juli 2022,,,9,,,
Manisrenggo,Barukan,Senin,25 Juli 2022,,,2,,,
Ngawen,Tempursari,Senin,25 Juli 2022,,,15,,,
Ngawen,Drono,Senin,25 Juli 2022,,,2,,,
Ngawen,Ngawen,Senin,25 Juli 2022,,,2,,,
Ngawen,Mayungan,Senin,25 Juli 2022,,,16,,,
Ngawen,Manjungan,Senin,25 Juli 2022,,,1,,,
Kemalang,Tegalmulyo,Senin,25 Juli 2022,,,1,,,
Kemalang,keputran,Senin,25 Juli 2022,,,8,,,
Kemalang,Kemalang,Senin,25 Juli 2022,,,11,,,
Kemalang,Sidorejo,Senin,25 Juli 2022,,,4,,,
Kemalang,Kendalsari,Senin,25 Juli 2022,,,10,,,
Kemalang,Bawukan,Senin,25 Juli 2022,,,7,,,
Kemalang,Bumiharjo,Senin,25 Juli 2022,,,32,,,
Kemalang,Dompol,Senin,25 Juli 2022,,,8,,,
Karangnongko,Kadilaju,Senin,25 Juli 2022,,,13,,,
Karangnongko,Jiwan,Senin,25 Juli 2022,,,17,,,
Karangnongko,Kanoman,Senin,25 Juli 2022,,,2,,,
Karanganom,Jungkare,Senin,25 Juli 2022,,,9,,,
Karanganom,Jambeyan,Senin,25 Juli 2022,,,1,,,
Karanganom,Beku,Senin,25 Juli 2022,,,2,,,
Karanganom,Blanceran,Senin,25 Juli 2022,,,3,,,
Karanganom,Brangkal,Senin,25 Juli 2022,,,2,,,
Karanganom,Jurangjero,Senin,25 Juli 2022,,,1,,,
Klaten Tengah,Buntalan,Senin,25 Juli 2022,,,7,,,
Cawas,Burikan,Senin,25 Juli 2022,,,1,,,
Kalikotes,JIMBUNG,Senin,25 Juli 2022,,,4,,,